t_id,userId,movieId,tag
1,2,60756,funny
2,2,60756,Highly quotable
3,2,60756,will ferrell
4,2,89774,Boxing story
5,2,89774,MMA
6,2,89774,Tom Hardy
7,2,106782,drugs
8,2,106782,Leonardo DiCaprio
9,2,106782,Martin Scorsese
10,7,48516,way too long
11,18,431,Al Pacino
12,18,431,gangster
13,18,431,mafia
14,18,1221,Al Pacino
15,18,1221,Mafia
16,18,5995,holocaust
17,18,5995,true story
18,18,44665,twist ending
19,18,52604,Anthony Hopkins
20,18,52604,courtroom drama
21,18,52604,twist ending
22,21,1569,romantic comedy
23,21,1569,wedding
24,21,118985,painter
25,21,119141,bloody
26,49,109487,black hole
27,49,109487,sci-fi
28,49,109487,time-travel
29,62,2,fantasy
30,62,2,magic board game
31,62,2,Robin Williams
32,62,110,beautiful scenery
33,62,110,epic
34,62,110,historical
35,62,110,inspirational
36,62,110,Medieval
37,62,110,mel gibson
38,62,110,Oscar (Best Cinematography)
39,62,110,revenge
40,62,110,sword fight
41,62,410,black comedy
42,62,410,Christina Ricci
43,62,410,Christopher Lloyd
44,62,410,dark comedy
45,62,410,family
46,62,410,gothic
47,62,2023,Al Pacino
48,62,2023,Andy Garcia
49,62,2023,Classic
50,62,2023,Francis Ford Coppola
51,62,2023,mafia
52,62,2124,black comedy
53,62,2124,Christina Ricci
54,62,2124,Christopher Lloyd
55,62,2124,Family
56,62,2124,gothic
57,62,2124,quirky
58,62,2953,family
59,62,2953,funny
60,62,2953,Macaulay Culkin
61,62,2953,sequel
62,62,3114,animation
63,62,3114,Disney
64,62,3114,funny
65,62,3114,original
66,62,3114,Pixar
67,62,3114,sequel
68,62,3114,Tom Hanks
69,62,3578,ancient Rome
70,62,3578,Epic
71,62,3578,history
72,62,3578,imdb top 250
73,62,3578,revenge
74,62,3578,Rome
75,62,3578,Russell Crowe
76,62,4223,Ed Harris
77,62,4223,Jude Law
78,62,4223,Rachel Weisz
79,62,4223,sniper
80,62,4223,World War II
81,62,5388,Al Pacino
82,62,5388,atmospheric
83,62,5388,Hilary Swank
84,62,5388,Robin Williams
85,62,6058,sequel
86,62,6058,violent
87,62,6534,dogs
88,62,6534,Eric Bana
89,62,6534,mad scientist
90,62,6534,marvel
91,62,6541,captain nemo
92,62,6541,comic book
93,62,6541,gothic
94,62,6541,Peta Wilson
95,62,6541,Sean Connery
96,62,6541,superhero
97,62,6564,adventure
98,62,6564,Angelina Jolie
99,62,6564,heroine in tight suit
100,62,7153,Adventure
101,62,7153,ensemble cast
102,62,7153,fantasy
103,62,7153,fantasy world
104,62,7153,great soundtrack
105,62,7153,lord of the rings
106,62,7153,scenic
107,62,7153,stylized
108,62,7153,Tolkien
109,62,8641,hilarious
110,62,8641,Steve Carell
111,62,8641,Will Ferrell
112,62,27706,dark comedy
113,62,27706,Jim Carrey
114,62,27706,meryl streep
115,62,27706,quirky
116,62,27706,stylized
117,62,27808,Adam Sandler
118,62,27808,family
119,62,27808,sweet
120,62,27831,British gangster
121,62,27831,confusing
122,62,27831,daniel craig
123,62,27831,Exquisite plotting.
124,62,27831,organized crime
125,62,27831,stylish
126,62,27831,Tom Hardy
127,62,31658,anime
128,62,31658,fantasy world
129,62,31658,Hayao Miyazaki
130,62,31658,Studio Ghibli
131,62,33162,David Thewlis
132,62,33162,Eva Green
133,62,33162,Liam Neeson
134,62,33162,Orlando Bloom
135,62,34150,Chris Evans
136,62,34150,comic book
137,62,34150,heroine in tight suit
138,62,34150,Jessica Alba
139,62,34150,sexy female scientist
140,62,34150,superhero
141,62,37729,gothic
142,62,37729,helena bonham carter
143,62,37729,Johnny Depp
144,62,37729,Tim Burton
145,62,37729,visually appealing
146,62,38061,black comedy
147,62,38061,clever
148,62,38061,fast-paced dialogue
149,62,38061,good dialogue
150,62,38061,Robert Downey Jr.
151,62,38061,witty
152,62,45447,adventure
153,62,45447,Audrey Tautou
154,62,45447,conspiracy theory
155,62,45447,Mystery
156,62,45447,Paris
157,62,45447,Tom Hanks
158,62,45447,treasure hunt
159,62,46723,Brad Pitt
160,62,46723,cate blanchett
161,62,46723,multiple storylines
162,62,46723,social commentary
163,62,46972,Ben Stiller
164,62,46972,Robin Williams
165,62,46976,emma thompson
166,62,46976,Maggie Gyllenhaal
167,62,46976,modern fantasy
168,62,46976,romance
169,62,46976,surreal
170,62,46976,Will Ferrell
171,62,49130,Marion Cotillard
172,62,49530,Africa
173,62,49530,corruption
174,62,49530,Jennifer Connelly
175,62,49530,justice
176,62,49530,Leonardo DiCaprio
177,62,53464,bad acting
178,62,53464,bad jokes
179,62,53464,bad plot
180,62,53464,Chris Evans
181,62,53464,Jessica Alba
182,62,53464,Marvel
183,62,53464,sexy female scientist
184,62,58047,Rachel Weisz
185,62,58047,Ryan Reynolds
186,62,59501,fantasy
187,62,59501,lion
188,62,59501,narnia
189,62,59501,Tilda Swinton
190,62,60074,bad script
191,62,60074,Charlize Theron
192,62,60074,Will Smith
193,62,60126,Anne Hathaway
194,62,60126,Steve Carell
195,62,60756,comedy
196,62,60756,funny
197,62,60756,will ferrell
198,62,61024,comedy
199,62,61024,James Franco
200,62,61024,Seth Rogen
201,62,61024,Stoner Movie
202,62,63992,audience intelligence underestimated
203,62,63992,boring
204,62,63992,chick flick
205,62,63992,overrated
206,62,63992,Teen movie
207,62,68848,Adrien Brody
208,62,68848,con artists
209,62,68848,funny
210,62,68848,interesting characters
211,62,68848,Mark Ruffalo
212,62,68848,Rachel Weisz
213,62,71535,Bill Murray
214,62,71535,dark comedy
215,62,71535,Emma Stone
216,62,71535,funny
217,62,71535,Jesse Eisenberg
218,62,71535,Woody Harrelson
219,62,87430,audience intelligence underestimated
220,62,87430,CGI
221,62,87430,cheesy
222,62,87430,comic book
223,62,87430,DC
224,62,87430,DC Comics
225,62,87430,Ryan Reynolds
226,62,87430,space
227,62,87430,superhero
228,62,88405,comedy
229,62,88405,funny
230,62,88405,happy ending
231,62,88405,HOT actress
232,62,88405,Justin Timberlake
233,62,88405,Mila Kunis
234,62,88405,New York City
235,62,88405,romance
236,62,88405,sex
237,62,96861,Istanbul
238,62,96861,Liam Neeson
239,62,96861,predictable
240,62,96861,Turkey
241,62,96861,unnecessary sequel
242,62,99114,action
243,62,99114,Christoph Waltz
244,62,99114,funny
245,62,99114,good soundtrack
246,62,99114,Great performances
247,62,99114,Humour
248,62,99114,Leonardo DiCaprio
249,62,99114,Quentin Tarantino
250,62,99114,Samuel L. Jackson
251,62,99114,Soundtrack
252,62,99114,western
253,62,103042,Amy Adams
254,62,103042,superhero
255,62,104863,daniel radcliffe
256,62,104863,zoe kazan
257,62,107348,comedy
258,62,107348,Steve Carell
259,62,107348,stupid but funny
260,62,107348,will ferrell
261,62,108190,anti-intellectual
262,62,108190,bad writing
263,62,108190,dystopia
264,62,108190,new society
265,62,108190,plot holes
266,62,108190,predictable
267,62,108190,scifi
268,62,108190,unintelligent
269,62,111743,Charlize Theron
270,62,111743,Liam Neeson
271,62,111743,Seth MacFarlane
272,62,111743,witty
273,62,114180,action
274,62,114180,dystopia
275,62,114180,plot holes
276,62,114180,post-apocalyptic
277,62,114180,survival
278,62,114180,thriller
279,62,114180,unexplained
280,62,114180,weak plot
281,62,115149,dark hero
282,62,115149,gun-fu
283,62,115149,Keanu Reeves
284,62,115149,Revenge
285,62,115149,secret society
286,62,115149,stylish
287,62,116897,black comedy
288,62,116897,dark comedy
289,62,116897,dark humor
290,62,116897,ironic
291,62,116897,multiple short stories
292,62,116897,short stories
293,62,119141,bromance
294,62,119141,comedy
295,62,119141,funny
296,62,119141,James Franco
297,62,119141,Seth Rogen
298,62,122912,comic book
299,62,122912,Dr. Strange
300,62,122912,Great villain
301,62,122912,Guardians of the Galaxy
302,62,122912,Marvel
303,62,122912,MCU
304,62,122912,Robert Downey Jr.
305,62,122912,Thanos
306,62,122912,Thor
307,62,122912,Visually stunning
308,62,128360,characters
309,62,128360,Dialogue
310,62,128360,humor
311,62,128360,Kurt Russell
312,62,128360,Quentin Tarantino
313,62,128360,Samuel L. Jackson
314,62,128360,tension building
315,62,128360,violent
316,62,128360,Western
317,62,135133,dystopia
318,62,135133,Jennifer Lawrence
319,62,135133,love story
320,62,135133,nonsense
321,62,135133,politics
322,62,135133,rebellion
323,62,135133,revolution
324,62,135518,Ben Kingsley
325,62,135518,ethics
326,62,135518,immortality
327,62,135518,ryan reynolds
328,62,135536,Bad story
329,62,135536,Bad writing
330,62,135536,Batman
331,62,135536,Ben Affleck
332,62,135536,comic book
333,62,135536,dc comics
334,62,135536,good soundtrack
335,62,135536,Harley Quinn
336,62,135536,Harley Quinn's ass
337,62,135536,Horrible directing
338,62,135536,Jared Leto
339,62,135536,Joker
340,62,135536,lack of plot
341,62,135536,Margot Robbie
342,62,135536,Poor story
343,62,135536,poorly paced
344,62,135536,superhero
345,62,135536,visually appealing
346,62,135536,Will Smith
347,62,136864,action
348,62,136864,batman
349,62,136864,ben affleck
350,62,136864,dark
351,62,136864,dc comics
352,62,136864,Gal Gadot
353,62,136864,superhero
354,62,136864,superman
355,62,136864,wonderwoman
356,62,139385,leonardo DiCarpio
357,62,139385,survival
358,62,139385,tom hardy
359,62,139385,visually appealing
360,62,158966,building a family
361,62,158966,creative
362,62,158966,freedom
363,62,158966,good writing
364,62,158966,individualism
365,62,158966,Viggo Mortensen
366,62,168248,action
367,62,168248,dark hero
368,62,168248,gun tactics
369,62,168248,hitman
370,62,168248,Keanu Reeves
371,62,168248,organized crime
372,62,168248,secret society
373,62,179401,Action
374,62,179401,Comedy
375,62,179401,Dwayne Johnson
376,62,179401,funny
377,62,183611,Comedy
378,62,183611,funny
379,62,183611,Rachel McAdams
380,62,184471,adventure
381,62,184471,Alicia Vikander
382,62,184471,video game adaptation
383,62,187593,Josh Brolin
384,62,187593,Ryan Reynolds
385,62,187593,sarcasm
386,62,187595,Emilia Clarke
387,62,187595,star wars
388,63,260,classic
389,63,260,space action
390,76,260,action
391,76,260,sci-fi
392,103,260,EPIC
393,103,260,great soundtrack
394,103,296,good dialogue
395,103,296,great soundtrack
396,103,296,non-linear
397,106,4896,Everything you want is here
398,106,106489,adventure
399,112,260,classic sci-fi
400,112,260,engrossing adventure
401,112,260,EPIC
402,119,260,classic
403,119,260,Nerd
404,119,101142,animation
405,119,101142,funny
406,119,101142,stone age
407,119,115149,action
408,119,115149,killer
409,119,115149,widows/widowers
410,119,115617,animation
411,119,115617,kids
412,119,115617,robots
413,119,120635,action
414,119,120635,murder
415,119,120635,police
416,125,1726,Kevin Costner
417,125,1726,Post apocalyptic
418,125,2387,dark comedy
419,125,2387,dark humor
420,125,3052,irreverent
421,125,3052,jay and silent bob
422,125,3052,Kevin Smith
423,125,3052,satire
424,125,5088,irreverent
425,125,7022,based on a book
426,125,7022,bloody
427,125,7022,brutal
428,125,7022,controversial
429,125,7022,dystopia
430,125,7022,goretastic
431,125,7022,satire
432,125,7022,social commentary
433,125,7022,survival
434,125,7022,violence
435,125,7254,alternate reality
436,125,7254,sci-fi
437,125,7254,science fiction
438,125,7254,time travel
439,125,8957,brutal
440,125,8957,clever
441,125,8957,Disturbing
442,125,8957,great ending
443,125,8957,mindfuck
444,125,8957,surprise ending
445,125,8957,suspense
446,125,9010,cruel characters
447,125,42632,brutality
448,125,58301,dark humor
449,125,60950,threesome
450,125,62434,Seth Rogen
451,125,62434,Sexual Humor
452,125,67695,Seth Rogen
453,125,100083,embarassing scenes
454,125,100083,offensive
455,125,100083,R language
456,125,100083,sarcasm
457,125,100083,satire
458,125,156371,80's
459,125,158872,Crude humor
460,125,158872,mindfuck
461,125,158872,sarcasm
462,125,158872,satire
463,125,158872,Vulgar
464,132,3556,sofia coppola
465,132,6323,John Cusack
466,132,6367,Ewan McGregor
467,132,6367,Renee Zellweger
468,138,59103,jackie chan
469,138,59103,kung fu
470,161,52287,Something for everyone in this one... saw it without and plan on seeing it with kids!
471,166,293,assassin
472,166,293,Jean Reno
473,166,54286,assassin
474,166,54286,assassin-in-training (scene)
475,166,54286,espionage
476,166,54286,Robert Ludlum
477,167,104,test tag
478,177,115617,feel-good
479,177,115617,fun family movie
480,177,115617,very funny
481,184,2579,black and white
482,184,2579,Christopher Nolan
483,184,2579,directorial debut
484,184,2579,mindfuck
485,184,2579,not linear
486,184,2579,Twist Ending
487,184,3793,action
488,184,3793,comic book
489,184,3793,hugh jackman
490,184,3793,marvel
491,184,3793,superhero
492,184,4226,dark
493,184,4226,Mindfuck
494,184,4226,nonlinear
495,184,4226,psychology
496,184,4226,twist ending
497,184,4896,alan rickman
498,184,4896,harry potter
499,184,4896,humorous
500,184,4896,Magic
501,184,5388,atmospheric
502,184,5388,insomnia
503,184,5388,thought-provoking
504,184,6283,amazing artwork
505,184,6283,anime
506,184,6283,sci-fi
507,184,27156,anime
508,184,27156,end of the world
509,184,27156,epic
510,184,27156,mecha
511,184,27156,psychology
512,184,193565,anime
513,184,193565,comedy
514,184,193565,gintama
515,184,193565,remaster
516,193,260,classic sci-fi
517,193,260,space action
518,193,260,space epic
519,193,4878,atmospheric
520,193,4878,cult film
521,193,4878,dreamlike
522,193,4878,hallucinatory
523,193,4878,psychological
524,193,4878,surreal
525,193,4878,time travel
526,193,7147,dreamlike
527,193,7147,sentimental
528,193,7147,surreal
529,193,7147,Tim Burton
530,193,7361,alternate reality
531,193,7361,memory
532,193,7361,thought-provoking
533,193,97938,cinematography
534,193,97938,India
535,193,97938,surreal
536,205,260,oldie but goodie
537,205,260,sci-fi
538,205,260,Star Wars
539,226,48780,ummarti2006
540,256,126548,funny
541,256,126548,high school
542,274,68319,comic book
543,288,7020,Notable Nudity
544,289,3,moldy
545,289,3,old
546,289,527,moving
547,289,1101,predictable
548,291,50872,a clever chef rat
549,291,50872,inspirational
550,291,118696,hope
551,300,6711,atmospheric
552,305,4034,drugs
553,305,4995,mathematics
554,305,6502,zombies
555,305,6953,DEPRESSING
556,305,8641,stupid
557,305,34405,predictable
558,305,55721,Favelas
559,305,83134,black comedy
560,318,778,based on a book
561,318,778,dark comedy
562,318,778,narrated
563,318,4612,reciprocal spectator
564,318,4708,reciprocal spectator
565,318,64034,childish naivity
566,318,64034,friendship
567,318,68954,adventure
568,318,68954,Bechdel Test:Fail
569,318,68954,cartoon
570,318,68954,children
571,318,68954,computer animation
572,318,68954,divorce
573,318,68954,dogs
574,318,68954,dreams
575,318,68954,Pixar
576,318,82459,atmospheric
577,318,82459,Coen Brothers
578,318,82459,Jeff Bridges
579,318,82459,Matt Damon
580,318,82459,predictable
581,318,96084,city politics
582,318,96084,italy
583,318,96084,political right versus left
584,318,111364,Creature Feature
585,319,364,Disney
586,319,364,Disney animated feature
587,319,364,Oscar (Best Music - Original Score)
588,327,1288,music
589,327,1923,Ben Stiller
590,327,2616,comic book
591,327,3481,music
592,327,3897,music
593,327,8641,awesome
594,327,51255,british comedy
595,336,1,pixar
596,336,153,superhero
597,336,552,knights
598,336,1246,highschool
599,336,32587,cult
600,336,33660,boksdrama
601,336,34162,stiller
602,336,36529,wapendrama
603,336,37729,animation
604,336,38798,sisters
605,341,260,ROBOTS AND ANDROIDS
606,341,260,space
607,356,2146,post-college
608,356,37384,restaurant
609,356,40955,transvestite
610,356,61323,dark comedy
611,357,39,chick flick
612,357,39,funny
613,357,39,Paul Rudd
614,357,39,quotable
615,357,39,seen more than once
616,357,1059,Amazing Cinematography
617,357,1059,Leonardo DiCaprio
618,357,1059,shakespeare
619,357,1059,updated classics
620,357,2762,Atmospheric
621,357,2762,Bruce Willis
622,357,2762,ghosts
623,357,2762,imdb top 250
624,357,2762,mindfuck
625,357,2762,stylized
626,357,2762,twist ending
627,357,4370,android(s)/cyborg(s)
628,357,4370,artificial intelligence
629,357,4370,Bittersweet
630,357,4370,Steven Spielberg
631,357,5464,cinematography
632,357,5464,Tom Hanks
633,357,7078,Bette Davis
634,357,7078,Oscar (Best Actress)
635,357,7444,Mark Ruffalo
636,357,7451,clever
637,357,7451,High School
638,357,7451,lesbian subtext
639,357,48516,Leonardo DiCaprio
640,357,48516,suspense
641,357,48516,twist ending
642,357,48516,undercover cop
643,357,54997,Christian Bale
644,357,55290,Casey Affleck
645,357,55290,great performances
646,357,55290,twist
647,357,91500,ending
648,357,91529,Anne Hathaway
649,357,91529,Christian Bale
650,357,91529,Christopher Nolan
651,357,91529,comic book
652,357,91529,great ending
653,357,91529,Morgan Freeman
654,357,91529,political commentary
655,357,91529,superhero
656,419,98961,Afghanistan
657,419,98961,American propaganda
658,419,98961,assassination
659,419,98961,military
660,419,98961,terrorism
661,424,32,time travel
662,424,47,mystery
663,424,47,twist ending
664,424,50,mindfuck
665,424,50,suspense
666,424,50,thriller
667,424,50,tricky
668,424,50,twist ending
669,424,147,addiction
670,424,147,heroin
671,424,147,Leonardo DiCaprio
672,424,147,Mark Wahlberg
673,424,175,controversial
674,424,175,New York City
675,424,175,Nudity (Full Frontal)
676,424,223,cynical
677,424,223,hilarious
678,424,223,independent film
679,424,223,quirky
680,424,223,witty
681,424,260,classic sci-fi
682,424,260,sci-fi
683,424,260,space adventure
684,424,260,Star Wars
685,424,288,brutality
686,424,288,controversial
687,424,288,dark comedy
688,424,288,psychedelic
689,424,288,satire
690,424,288,stylized
691,424,296,cult film
692,424,296,drugs
693,424,296,Quentin Tarantino
694,424,296,Tarantino
695,424,364,soundtrack
696,424,527,thought-provoking
697,424,541,sci-fi
698,424,589,apocalypse
699,424,589,Arnold Schwarzenegger
700,424,589,nuclear war
701,424,589,sci-fi
702,424,589,Suspense
703,424,589,time travel
704,424,608,based on a true story
705,424,608,dark comedy
706,424,608,KIDNAPPING
707,424,608,Steve Buscemi
708,424,628,edward norton
709,424,628,psychology
710,424,628,suspense
711,424,628,thought-provoking
712,424,628,twist ending
713,424,1089,ensemble cast
714,424,1089,nonlinear
715,424,1089,Quentin Tarantino
716,424,1089,stylized
717,424,1120,freedom of expression
718,424,1136,british comedy
719,424,1136,Monty Python
720,424,1193,emotional
721,424,1193,jack nicholson
722,424,1198,adventure
723,424,1198,archaeology
724,424,1198,indiana jones
725,424,1198,Steven Spielberg
726,424,1198,treasure hunt
727,424,1200,action
728,424,1200,aliens
729,424,1200,horror
730,424,1200,sci-fi
731,424,1200,space
732,424,1200,space craft
733,424,1200,SPACE TRAVEL
734,424,1200,suspense
735,424,1219,Alfred Hitchcock
736,424,1219,psychology
737,424,1219,suspenseful
738,424,1219,tense
739,424,1240,Action
740,424,1240,artificial intelligence
741,424,1240,robots
742,424,1240,Sci-Fi
743,424,1240,special effects
744,424,1240,tense
745,424,1240,time travel
746,424,1258,atmospheric
747,424,1258,disturbing
748,424,1258,Horror
749,424,1258,jack nicholson
750,424,1258,masterpiece
751,424,1258,psychological
752,424,1258,Stanley Kubrick
753,424,1258,suspense
754,424,1343,horror
755,424,1343,Juliette Lewis
756,424,1343,Martin Scorsese
757,424,1343,Robert De Niro
758,424,1625,mindfuck
759,424,1625,Mystery
760,424,1625,plot twist
761,424,1625,psychological
762,424,1625,suspense
763,424,1625,twist ending
764,424,1704,inspirational
765,424,1921,hallucinatory
766,424,1921,mental illness
767,424,1921,mindfuck
768,424,1921,paranoid
769,424,1923,Ben Stiller
770,424,1923,crude humor
771,424,1923,goofy
772,424,2160,Atmospheric
773,424,2160,creepy
774,424,2160,paranoia
775,424,2160,scary
776,424,2160,suspense
777,424,2296,SNL
778,424,2329,thought-provoking
779,424,2505,Nicolas Cage
780,424,2571,martial arts
781,424,2571,sci-fi
782,424,2700,adult humor
783,424,2700,controversial
784,424,2700,crude humor
785,424,2700,free speech
786,424,2700,parody
787,424,2700,satire
788,424,2700,south park
789,424,2700,Trey Parker
790,424,2959,dark comedy
791,424,2959,psychology
792,424,2959,thought-provoking
793,424,2959,twist ending
794,424,3176,based on a book
795,424,3176,creepy
796,424,3176,disturbing
797,424,3176,Jude Law
798,424,3176,murder
799,424,3176,obsession
800,424,3176,psychology
801,424,3176,secrets
802,424,3176,serial killer
803,424,3176,suspense
804,424,3186,asylum
805,424,3186,based on a true story
806,424,3186,Brittany Murphy
807,424,3186,Mental Hospital
808,424,3186,psychology
809,424,3186,winona ryder
810,424,3499,claustrophobic
811,424,3499,horror
812,424,3499,scary
813,424,3499,stephen king
814,424,3499,suspenseful
815,424,3499,tense
816,424,3499,thriller
817,424,3527,aliens
818,424,3527,sci-fi
819,424,3527,scifi cult
820,424,3911,satire
821,424,3948,comedy
822,424,3948,Robert De Niro
823,424,4226,mystery
824,424,4226,psychological
825,424,4226,twist ending
826,424,4262,Al Pacino
827,424,4816,ben stiller
828,424,4816,comedy
829,424,4816,David Bowie
830,424,4816,goofy
831,424,4816,mindless one liners
832,424,4816,Will Ferrell
833,424,4878,jake gyllenhaal
834,424,4993,fantasy
835,424,4993,high fantasy
836,424,4993,Magic
837,424,4993,mythology
838,424,4993,tolkien
839,424,4993,wizards
840,424,5291,black and white
841,424,5291,samurai
842,424,6016,multiple storylines
843,424,6016,true story
844,424,6188,comedy
845,424,6188,Will Ferrell
846,424,6290,Rob Zombie
847,424,7361,jim carrey
848,424,8641,comedy
849,424,8641,Will Ferrell
850,424,8950,Christian Bale
851,424,8950,creepy
852,424,8950,powerful ending
853,424,8950,psychology
854,424,8950,schizophrenia
855,424,8950,twist ending
856,424,30825,Ben Stiller
857,424,30825,Robert De Niro
858,424,34323,Rob Zombie
859,424,40278,Jake Gyllenhaal
860,424,40278,Modern war
861,424,48516,atmospheric
862,424,48516,Jack Nicholson
863,424,48516,Leonardo DiCaprio
864,424,48516,Martin Scorsese
865,424,48516,suspense
866,424,53127,based on a play
867,424,53127,conspiracy theory
868,424,53127,creepy
869,424,53127,Insanity
870,424,53127,paranoia
871,424,53127,PTSD
872,424,60756,funny
873,424,60756,will ferrell
874,424,66097,claymation
875,424,66097,creepy
876,424,66097,dark
877,424,66097,dark fairy tale
878,424,66097,Surreal
879,424,66097,Tim Burton
880,424,68157,black comedy
881,424,68157,Brad Pitt
882,424,68157,Christoph Waltz
883,424,68157,Quentin Tarantino
884,424,68157,satire
885,424,74458,insanity
886,424,74458,Leonardo DiCaprio
887,424,74458,Martin Scorsese
888,424,74458,plot twist
889,424,74458,psychological
890,424,74458,Psychological Thriller
891,424,74458,thought-provoking
892,424,79132,action
893,424,79132,alternate reality
894,424,79132,Leonardo DiCaprio
895,424,79132,sci-fi
896,424,79132,thought-provoking
897,424,79132,visually appealing
898,424,81562,stranded
899,424,81591,alter ego
900,424,81591,atmospheric
901,424,81591,creepy
902,424,81591,horror
903,424,81591,obsession
904,424,81591,surreal
905,424,102903,illusions
906,424,102903,overcomplicated
907,424,102903,predictable
908,424,102903,stupid ending
909,424,104879,absorbing
910,424,104879,acting
911,424,104879,atmospheric
912,424,104879,Hugh Jackman
913,424,104879,Jake Gyllenhaal
914,424,104879,morality
915,424,104879,mystery
916,424,104879,thriller
917,424,106100,Jared Leto
918,424,106100,social commentary
919,424,106100,uplifting
920,424,106489,fantasy
921,424,106489,Tolkien
922,424,106489,too long
923,424,109487,Christopher Nolan
924,424,109487,sci-fi
925,424,109487,time-travel
926,424,112515,atmospheric
927,424,112515,dark
928,424,112515,Metaphorical
929,424,112515,psychological
930,424,112556,annoying
931,424,112556,Stupid ending
932,435,750,dark comedy
933,435,2959,dark comedy
934,435,58559,psychology
935,435,58559,superhero
936,439,5952,Myth
937,439,98809,Action
938,439,98809,Myth
939,474,1,pixar
940,474,2,game
941,474,5,pregnancy
942,474,5,remake
943,474,7,remake
944,474,11,politics
945,474,11,president
946,474,14,politics
947,474,14,president
948,474,16,Mafia
949,474,17,Jane Austen
950,474,21,Hollywood
951,474,22,serial killer
952,474,25,alcoholism
953,474,26,Shakespeare
954,474,29,kidnapping
955,474,31,high school
956,474,31,teacher
957,474,32,time travel
958,474,34,Animal movie
959,474,34,pigs
960,474,36,death penalty
961,474,36,Nun
962,474,38,twins
963,474,39,Emma
964,474,39,Jane Austen
965,474,40,In Netflix queue
966,474,40,South Africa
967,474,41,Shakespeare
968,474,43,England
969,474,45,Journalism
970,474,46,wedding
971,474,47,serial killer
972,474,50,heist
973,474,52,adoption
974,474,52,prostitution
975,474,58,writing
976,474,62,music
977,474,92,Jekyll and Hyde
978,474,96,theater
979,474,101,crime
980,474,104,golf
981,474,107,muppets
982,474,110,Scotland
983,474,111,assassination
984,474,122,dating
985,474,140,journalism
986,474,150,moon
987,474,150,NASA
988,474,150,space
989,474,153,superhero
990,474,160,Michael Crichton
991,474,161,submarine
992,474,185,computers
993,474,199,Made me cry
994,474,215,generation X
995,474,216,school
996,474,222,Ireland
997,474,223,generation X
998,474,224,mental illness
999,474,224,psychology
1000,474,230,Stephen King
1001,474,232,In Netflix queue
1002,474,235,movie business
1003,474,237,basketball
1004,474,237,France
1005,474,237,infertility
1006,474,247,Australia
1007,474,249,Beethoven
1008,474,252,Einstein
1009,474,257,court
1010,474,260,darth vader
1011,474,260,luke skywalker
1012,474,260,space opera
1013,474,261,Louisa May Alcott
1014,474,262,England
1015,474,262,Girl Power
1016,474,262,India
1017,474,272,England
1018,474,272,mental illness
1019,474,277,Christmas
1020,474,279,In Netflix queue
1021,474,280,prison
1022,474,282,disability
1023,474,282,twins
1024,474,290,In Netflix queue
1025,474,293,hit men
1026,474,296,hit men
1027,474,300,TV
1028,474,307,Death
1029,474,308,marriage
1030,474,316,time travel
1031,474,317,Christmas
1032,474,318,prison
1033,474,318,Stephen King
1034,474,318,wrongful imprisonment
1035,474,326,In Netflix queue
1036,474,329,Enterprise
1037,474,337,mental illness
1038,474,338,serial killer
1039,474,339,coma
1040,474,342,Australia
1041,474,342,weddings
1042,474,345,cross dressing
1043,474,345,men in drag
1044,474,345,remade
1045,474,349,Tom Clancy
1046,474,350,John Grisham
1047,474,351,interracial romance
1048,474,356,shrimp
1049,474,356,Vietnam
1050,474,357,wedding
1051,474,361,gambling
1052,474,364,Disney
1053,474,371,journalism
1054,474,377,bus
1055,474,380,spies
1056,474,381,alcoholism
1057,474,412,Edith Wharton
1058,474,421,horses
1059,474,425,mental illness
1060,474,425,Oscar (Best Actress)
1061,474,440,President
1062,474,454,John Grisham
1063,474,457,based on a TV show
1064,474,471,hula hoop
1065,474,474,assassination
1066,474,475,Ireland
1067,474,477,biopic
1068,474,480,Dinosaur
1069,474,488,Japan
1070,474,488,sexuality
1071,474,497,Shakespeare
1072,474,500,cross dressing
1073,474,500,divorce
1074,474,500,men in drag
1075,474,508,AIDs
1076,474,513,radio
1077,474,513,show business
1078,474,515,Butler
1079,474,515,Housekeeper
1080,474,516,military
1081,474,522,Australia
1082,474,522,racism
1083,474,522,violence
1084,474,524,football
1085,474,527,Holocaust
1086,474,529,chess
1087,474,531,In Netflix queue
1088,474,534,C.S. Lewis
1089,474,535,large cast
1090,474,538,race
1091,474,539,Empire State Building
1092,474,541,robots
1093,474,543,beat poetry
1094,474,551,Christmas
1095,474,551,Halloween
1096,474,562,adolescence
1097,474,586,christmas
1098,474,587,overrated
1099,474,588,Disney
1100,474,589,robots
1101,474,590,American Indians
1102,474,590,Native Americans
1103,474,592,superhero
1104,474,593,Hannibal Lector
1105,474,594,Disney
1106,474,595,Disney
1107,474,596,Disney
1108,474,597,prostitution
1109,474,608,Coen Brothers
1110,474,616,Disney
1111,474,628,priest
1112,474,638,babies
1113,474,647,Gulf War
1114,474,648,based on a TV show
1115,474,668,India
1116,474,670,India
1117,474,671,spoof
1118,474,673,Bugs Bunny
1119,474,708,Veterinarian
1120,474,733,Alcatraz
1121,474,736,Disaster
1122,474,748,aliens
1123,474,750,Atomic bomb
1124,474,778,drug abuse
1125,474,780,aliens
1126,474,800,In Netflix queue
1127,474,805,John Grisham
1128,474,818,based on a TV show
1129,474,830,adultery
1130,474,832,kidnapping
1131,474,838,Jane Austen
1132,474,852,golf
1133,474,858,Mafia
1134,474,892,Shakespeare
1135,474,898,divorce
1136,474,899,movie business
1137,474,900,France
1138,474,902,Capote
1139,474,903,falling
1140,474,904,voyeurism
1141,474,905,Screwball
1142,474,906,Brooch
1143,474,907,divorce
1144,474,908,Mount Rushmore
1145,474,909,adultery
1146,474,910,men in drag
1147,474,911,heist
1148,474,912,start of a beautiful friendship
1149,474,913,statue
1150,474,914,George Bernard Shaw
1151,474,915,rich guy - poor girl
1152,474,916,Italy
1153,474,916,royalty
1154,474,918,1900s
1155,474,919,Dorothy
1156,474,919,Toto
1157,474,920,Civil War
1158,474,921,television
1159,474,922,movies
1160,474,923,Rosebud
1161,474,924,Hal
1162,474,924,space
1163,474,926,Hollywood
1164,474,927,divorce
1165,474,928,Mrs. DeWinter
1166,474,929,Europe
1167,474,929,journalism
1168,474,929,war
1169,474,930,assassination
1170,474,931,amnesia
1171,474,934,wedding
1172,474,936,Cold War
1173,474,936,Russia
1174,474,938,prostitution
1175,474,940,swashbuckler
1176,474,941,swashbuckler
1177,474,943,ghosts
1178,474,944,Shangri-La
1179,474,945,Astaire and Rogers
1180,474,947,butler
1181,474,947,homeless
1182,474,947,screwball
1183,474,948,oil
1184,474,950,Nick and Nora Charles
1185,474,951,Screwball
1186,474,952,race
1187,474,953,Christmas
1188,474,954,Politics
1189,474,955,leopard
1190,474,955,screwball
1191,474,956,adoption
1192,474,965,fugitive
1193,474,968,zombies
1194,474,969,missionary
1195,474,970,crime
1196,474,971,Tennessee Williams
1197,474,973,journalism
1198,474,976,Hemingway
1199,474,986,Animal movie
1200,474,991,Ireland
1201,474,994,food
1202,474,1006,death penalty
1203,474,1006,John Grisham
1204,474,1010,Disney
1205,474,1010,race
1206,474,1013,twins
1207,474,1022,Disney
1208,474,1025,Disney
1209,474,1025,King Arthur
1210,474,1028,Disney
1211,474,1028,nanny
1212,474,1029,Disney
1213,474,1030,Disney
1214,474,1032,Disney
1215,474,1033,Disney
1216,474,1035,Rogers and Hammerstein
1217,474,1041,In Netflix queue
1218,474,1042,Music
1219,474,1059,Shakespeare
1220,474,1066,Astaire and Rogers
1221,474,1076,governess
1222,474,1079,fish
1223,474,1080,Bible
1224,474,1080,parody
1225,474,1080,religion
1226,474,1081,cross dressing
1227,474,1082,politics
1228,474,1084,1920s
1229,474,1084,gangsters
1230,474,1088,dance
1231,474,1088,music
1232,474,1089,heist
1233,474,1089,violence
1234,474,1090,Vietnam
1235,474,1093,1960s
1236,474,1093,Jim Morrison
1237,474,1093,music
1238,474,1096,Holocaust
1239,474,1097,aliens
1240,474,1101,Navy
1241,474,1103,1950s
1242,474,1103,adolescence
1243,474,1104,Tennessee Williams
1244,474,1124,aging
1245,474,1125,Clousseau
1246,474,1135,military
1247,474,1136,England
1248,474,1136,King Arthur
1249,474,1171,politics
1250,474,1177,Italy
1251,474,1178,court
1252,474,1178,military
1253,474,1179,crime
1254,474,1183,adultery
1255,474,1185,In Netflix queue
1256,474,1187,disability
1257,474,1188,Australia
1258,474,1188,dance
1259,474,1193,mental illness
1260,474,1196,I am your father
1261,474,1196,space
1262,474,1196,space opera
1263,474,1197,Inigo Montoya
1264,474,1197,six-fingered man
1265,474,1198,archaeology
1266,474,1198,ark of the covenant
1267,474,1198,indiana jones
1268,474,1200,space
1269,474,1201,spaghetti western
1270,474,1203,court
1271,474,1204,Middle East
1272,474,1206,brainwashing
1273,474,1207,Harper Lee
1274,474,1207,racism
1275,474,1208,Vietnam
1276,474,1209,spaghetti western
1277,474,1210,darth vader
1278,474,1210,luke skywalker
1279,474,1210,space opera
1280,474,1212,ferris wheel
1281,474,1212,Venice
1282,474,1212,zither
1283,474,1213,Mafia
1284,474,1214,aliens
1285,474,1217,samurai
1286,474,1219,Norman Bates
1287,474,1220,Saturday Night Live
1288,474,1221,Mafia
1289,474,1222,Vietnam
1290,474,1224,Shakespeare
1291,474,1225,Mozart
1292,474,1225,Salieri
1293,474,1228,boxing
1294,474,1230,New York
1295,474,1231,NASA
1296,474,1231,space
1297,474,1233,submarine
1298,474,1234,The Entertainer
1299,474,1235,May-December romance
1300,474,1237,chess
1301,474,1237,death
1302,474,1240,robots
1303,474,1242,Civil War
1304,474,1243,Shakespeare sort of
1305,474,1244,black and white
1306,474,1245,Mafia
1307,474,1246,High School
1308,474,1247,Simon and Garfunkel
1309,474,1249,hit men
1310,474,1250,POW
1311,474,1252,incest
1312,474,1253,aliens
1313,474,1254,Cold
1314,474,1257,skiing
1315,474,1258,Stephen King
1316,474,1259,Stephen King
1317,474,1260,serial killer
1318,474,1262,POW
1319,474,1263,Vietnam
1320,474,1266,revenge
1321,474,1267,assassination
1322,474,1267,brainwashing
1323,474,1269,murder
1324,474,1270,time travel
1325,474,1272,World War II
1326,474,1276,prison
1327,474,1277,In Netflix queue
1328,474,1278,spoof
1329,474,1280,In Netflix queue
1330,474,1281,Nazis
1331,474,1282,Disney
1332,474,1283,gunfight
1333,474,1284,Hammett
1334,474,1285,high school
1335,474,1288,heavy metal
1336,474,1288,mockumentary
1337,474,1288,music
1338,474,1291,archaeology
1339,474,1291,Holy Grail
1340,474,1292,television
1341,474,1293,India
1342,474,1296,E. M. Forster
1343,474,1299,Cambodia
1344,474,1299,Vietnam
1345,474,1301,Shakespeare sort of
1346,474,1301,space
1347,474,1302,baseball
1348,474,1303,India
1349,474,1304,crime
1350,474,1307,New York
1351,474,1333,birds
1352,474,1343,remake
1353,474,1344,lawyer
1354,474,1345,high school
1355,474,1345,prom
1356,474,1345,Stephen King
1357,474,1348,vampires
1358,474,1350,demons
1359,474,1353,personals ads
1360,474,1354,religion
1361,474,1356,Borg
1362,474,1358,ex-con
1363,474,1363,religion
1364,474,1366,Arthur Miller
1365,474,1367,dogs
1366,474,1367,remake
1367,474,1372,Klingons
1368,474,1374,Captain Kirk
1369,474,1376,whales
1370,474,1377,superhero
1371,474,1380,high school
1372,474,1381,high school
1373,474,1387,Shark
1374,474,1389,shark
1375,474,1393,sports
1376,474,1394,Coen Brothers
1377,474,1396,spying
1378,474,1398,Hemingway
1379,474,1407,slasher
1380,474,1407,spoof
1381,474,1408,Hawkeye
1382,474,1408,James Fennimore Cooper
1383,474,1411,Shakespeare
1384,474,1413,Conan
1385,474,1416,Andrew Lloyd Weber
1386,474,1423,In Netflix queue
1387,474,1423,Vietnam
1388,474,1441,mental illness
1389,474,1446,In Netflix queue
1390,474,1449,mockumentary
1391,474,1466,Mafia
1392,474,1474,jungle
1393,474,1485,lawyer
1394,474,1496,Tolstoy
1395,474,1500,hit men
1396,474,1500,reunion
1397,474,1513,reunion
1398,474,1537,ballroom dance
1399,474,1542,In Netflix queue
1400,474,1544,dinosaurs
1401,474,1545,death
1402,474,1569,weddings
1403,474,1573,transplants
1404,474,1580,aliens
1405,474,1586,military
1406,474,1608,president
1407,474,1610,Tom Clancy
1408,474,1617,Police
1409,474,1625,twist ending
1410,474,1635,1970s
1411,474,1643,England
1412,474,1643,Queen Victoria
1413,474,1645,lawyers
1414,474,1650,Henry James
1415,474,1653,future
1416,474,1663,military
1417,474,1672,In Netflix queue
1418,474,1674,Amish
1419,474,1680,alternate universe
1420,474,1682,TV
1421,474,1683,Henry James
1422,474,1711,Savannah
1423,474,1717,sequel
1424,474,1717,slasher
1425,474,1717,spoof
1426,474,1719,Canada
1427,474,1719,death
1428,474,1721,shipwreck
1429,474,1732,Coen Brothers
1430,474,1735,Charles Dickens
1431,474,1748,amnesia
1432,474,1777,1980s
1433,474,1810,politics
1434,474,1834,twist ending
1435,474,1836,No DVD at Netflix
1436,474,1893,In Netflix queue
1437,474,1900,In Netflix queue
1438,474,1902,generation X
1439,474,1909,conspiracy
1440,474,1912,heist
1441,474,1913,Australia
1442,474,1917,space
1443,474,1921,mathematics
1444,474,1931,ships
1445,474,1938,alcoholism
1446,474,1940,anti-Semitism
1447,474,1940,Judaism
1448,474,1942,Huey Long
1449,474,1942,In Netflix queue
1450,474,1942,Robert Penn Warren
1451,474,1945,boxing
1452,474,1945,coulda been a contender
1453,474,1947,Gangs
1454,474,1950,racism
1455,474,1951,Dickens
1456,474,1952,prostitution
1457,474,1953,drugs
1458,474,1953,police
1459,474,1954,boxing
1460,474,1954,sports
1461,474,1955,divorce
1462,474,1957,Olympics
1463,474,1957,sports
1464,474,1959,adultery
1465,474,1959,Africa
1466,474,1960,China
1467,474,1961,autism
1468,474,1962,rasicm
1469,474,1975,Jason
1470,474,1976,Jason
1471,474,1977,Jason
1472,474,1978,Jason
1473,474,1979,Jason
1474,474,1983,halloween
1475,474,1984,halloween
1476,474,1994,ghosts
1477,474,1995,ghosts
1478,474,1996,ghosts
1479,474,1997,demons
1480,474,2006,California
1481,474,2006,Mexico
1482,474,2011,time travel
1483,474,2019,samurai
1484,474,2020,adultery
1485,474,2022,Bible
1486,474,2022,Katzanzakis
1487,474,2028,World War II
1488,474,2054,Disney
1489,474,2058,police
1490,474,2059,twins
1491,474,2065,In Netflix queue
1492,474,2066,memory
1493,474,2070,music
1494,474,2076,sexuality
1495,474,2076,suburbia
1496,474,2078,Disney
1497,474,2080,Disney
1498,474,2085,Disney
1499,474,2097,carnival
1500,474,2097,Ray Bradbury
1501,474,2100,mermaid
1502,474,2108,weather forecaster
1503,474,2114,S.E. Hinton
1504,474,2115,archaeology
1505,474,2116,Tolkein
1506,474,2118,Stephen King
1507,474,2121,Stephen King
1508,474,2122,Stephen King
1509,474,2139,mice
1510,474,2145,1980s
1511,474,2145,high school
1512,474,2160,demons
1513,474,2167,vampires
1514,474,2171,aquarium
1515,474,2171,Boston
1516,474,2171,personals ads
1517,474,2186,murder
1518,474,2187,theater
1519,474,2194,Capone
1520,474,2194,gangsters
1521,474,2202,survival
1522,474,2203,small towns
1523,474,2206,paranoia
1524,474,2208,train
1525,474,2243,journalism
1526,474,2247,Mafia
1527,474,2248,In Your Eyes
1528,474,2248,Lloyd Dobbler
1529,474,2249,Mafia
1530,474,2268,court
1531,474,2268,military
1532,474,2291,freaks
1533,474,2295,Screwball
1534,474,2300,Broadway
1535,474,2302,court
1536,474,2310,adolescence
1537,474,2312,death penalty
1538,474,2313,freaks
1539,474,2324,Holocaust
1540,474,2329,racism
1541,474,2334,terrorism
1542,474,2335,football
1543,474,2336,England
1544,474,2351,In Netflix queue
1545,474,2355,Pixar
1546,474,2357,South America
1547,474,2360,In Netflix queue
1548,474,2390,In Netflix queue
1549,474,2391,heist
1550,474,2394,Bible
1551,474,2394,Moses
1552,474,2396,England
1553,474,2410,boxing
1554,474,2411,boxing
1555,474,2412,boxing
1556,474,2420,martial arts
1557,474,2421,martial arts
1558,474,2422,martial arts
1559,474,2423,christmas
1560,474,2424,e-mail
1561,474,2424,remake
1562,474,2431,doctors
1563,474,2442,In Netflix queue
1564,474,2463,kidnapping
1565,474,2467,religion
1566,474,2470,Australia
1567,474,2471,Australia
1568,474,2491,food
1569,474,2502,stapler
1570,474,2502,workplace
1571,474,2506,disability
1572,474,2517,Stephen King
1573,474,2529,twist ending
1574,474,2550,ghosts
1575,474,2553,evil children
1576,474,2554,evil children
1577,474,2565,Siam
1578,474,2571,alternate universe
1579,474,2572,Shakespeare sort of
1580,474,2579,black and white
1581,474,2581,high school
1582,474,2583,southern US
1583,474,2598,golfing
1584,474,2600,virtual reality
1585,474,2612,motherhood
1586,474,2628,prequel
1587,474,2628,the Force
1588,474,2640,superhero
1589,474,2641,superhero
1590,474,2642,superhero
1591,474,2648,In Netflix queue
1592,474,2660,aliens
1593,474,2664,1950s
1594,474,2692,alternate endings
1595,474,2699,spiders
1596,474,2710,claims to be true
1597,474,2710,video
1598,474,2712,sexuality
1599,474,2716,ghosts
1600,474,2717,Ghosts
1601,474,2719,remake
1602,474,2723,superhero
1603,474,2726,heist
1604,474,2728,crucifixion
1605,474,2728,Rome
1606,474,2728,slavery
1607,474,2745,Missionary
1608,474,2745,Priest
1609,474,2750,nostalgia
1610,474,2750,radio
1611,474,2761,robots
1612,474,2762,ghosts
1613,474,2762,I see dead people
1614,474,2787,Stephen King
1615,474,2791,aviation
1616,474,2791,spoof
1617,474,2797,children
1618,474,2801,gambling
1619,474,2803,lawyers
1620,474,2804,Christmas
1621,474,2827,aliens
1622,474,2863,Beatles
1623,474,2871,river
1624,474,2872,England
1625,474,2872,King Arthur
1626,474,2905,In Netflix queue
1627,474,2915,prostitution
1628,474,2918,High School
1629,474,2919,Academy award (Best Supporting Actress)
1630,474,2919,Indonesia
1631,474,2919,journalism
1632,474,2927,adultery
1633,474,2935,gambling
1634,474,2937,screwball
1635,474,2939,In Netflix queue
1636,474,2940,nightclub
1637,474,2941,island
1638,474,2943,Vietnam
1639,474,2952,gambling
1640,474,2959,violence
1641,474,2966,brothers
1642,474,2966,lawn mower
1643,474,2967,evil children
1644,474,2968,time travel
1645,474,2987,live action/animation
1646,474,3000,anime
1647,474,3006,tobacco
1648,474,3006,true story
1649,474,3011,dance marathon
1650,474,3030,samurai
1651,474,3039,class
1652,474,3040,camp
1653,474,3044,memory
1654,474,3044,music
1655,474,3052,religion
1656,474,3060,In Netflix queue
1657,474,3071,high school
1658,474,3072,New York
1659,474,3081,Ichabod Crane
1660,474,3087,christmas
1661,474,3087,new york
1662,474,3095,depression
1663,474,3095,dust bowl
1664,474,3097,remade
1665,474,3098,baseball
1666,474,3098,sports
1667,474,3101,adultery
1668,474,3108,homeless
1669,474,3111,racism
1670,474,3114,Pixar
1671,474,3115,men in drag
1672,474,3125,Graham Greene
1673,474,3135,fatherhood
1674,474,3147,Stephen King
1675,474,3152,black-and-white
1676,474,3160,L.A.
1677,474,3174,Andy Kaufman
1678,474,3175,spoof
1679,474,3176,Europe
1680,474,3176,murder
1681,474,3178,boxing
1682,474,3181,Shakespeare
1683,474,3192,In Netflix queue
1684,474,3210,high school
1685,474,3211,a dingo ate my baby
1686,474,3211,Australia
1687,474,3247,nuns
1688,474,3250,In Netflix queue
1689,474,3258,plastic surgery
1690,474,3259,Ireland
1691,474,3260,E.M. Forster
1692,474,3263,basketball
1693,474,3270,figure skating
1694,474,3273,slasher
1695,474,3273,spoof
1696,474,3306,big top
1697,474,3306,circus
1698,474,3307,blind
1699,474,3310,orphans
1700,474,3317,writing
1701,474,3330,adolescence
1702,474,3330,sexuality
1703,474,3341,remade
1704,474,3360,basketball
1705,474,3384,subway
1706,474,3385,Peace Corp
1707,474,3386,politics
1708,474,3386,president
1709,474,3408,scandal
1710,474,3408,true story
1711,474,3420,lawyers
1712,474,3421,college
1713,474,3421,TOGA
1714,474,3424,racism
1715,474,3435,Insurance
1716,474,3447,Pearl S Buck
1717,474,3451,Hepburn and Tracy
1718,474,3451,interracial marriage
1719,474,3451,prejudice
1720,474,3451,racism
1721,474,3456,In Netflix queue
1722,474,3461,island
1723,474,3462,factory
1724,474,3468,pool
1725,474,3469,court
1726,474,3469,evolution
1727,474,3469,religion
1728,474,3475,class
1729,474,3481,Nick Hornby
1730,474,3489,Peter Pan
1731,474,3498,In Netflix queue
1732,474,3502,death
1733,474,3504,journalism
1734,474,3507,In Netflix queue
1735,474,3512,transplants
1736,474,3515,alternate endings
1737,474,3526,families
1738,474,3528,psychiatrist
1739,474,3536,priest
1740,474,3536,rabbi
1741,474,3546,show business
1742,474,3548,1920s
1743,474,3549,Gambling
1744,474,3552,golf
1745,474,3556,1970s
1746,474,3556,suicide
1747,474,3559,In Netflix queue
1748,474,3566,business
1749,474,3566,religion
1750,474,3608,Pee Wee Herman
1751,474,3629,mining
1752,474,3675,Christmas
1753,474,3676,In Netflix queue
1754,474,3683,Coen Brothers
1755,474,3712,television
1756,474,3723,Shakespeare
1757,474,3724,Vietnam
1758,474,3730,spying
1759,474,3735,police
1760,474,3793,superhero
1761,474,3801,court
1762,474,3811,court
1763,474,3816,missing children
1764,474,3844,diabetes
1765,474,3849,disability
1766,474,3877,superhero
1767,474,3897,journalism
1768,474,3897,music
1769,474,3897,Rolling Stone
1770,474,3910,blindness
1771,474,3910,factory
1772,474,3911,Dogs
1773,474,3932,invisibility
1774,474,3949,drug abuse
1775,474,3951,In Netflix queue
1776,474,3967,ballet
1777,474,3983,family
1778,474,3988,Dr. Seuss
1779,474,3994,superhero
1780,474,3996,china
1781,474,3996,martial arts
1782,474,4007,business
1783,474,4012,stand-up comedy
1784,474,4019,writing
1785,474,4025,pageant
1786,474,4027,bluegrass
1787,474,4029,movies
1788,474,4034,based on a TV show
1789,474,4046,Quakers
1790,474,4077,psychopaths
1791,474,4105,zombies
1792,474,4113,Tennessee Williams
1793,474,4117,In Netflix queue
1794,474,4138,demons
1795,474,4160,death penalty
1796,474,4164,homeless
1797,474,4164,New York
1798,474,4166,reality TV
1799,474,4174,In Netflix queue
1800,474,4184,Christmas
1801,474,4189,Bible
1802,474,4189,religion
1803,474,4190,preacher
1804,474,4190,religion
1805,474,4191,sexuality
1806,474,4194,In Netflix queue
1807,474,4204,virginity
1808,474,4210,Hannibal Lecter
1809,474,4210,serial killer
1810,474,4211,von Bulow
1811,474,4214,college
1812,474,4218,In Netflix queue
1813,474,4221,football
1814,474,4226,Backwards. memory
1815,474,4232,spying
1816,474,4246,singletons
1817,474,4259,Nabokov
1818,474,4263,alcoholism
1819,474,4292,Union
1820,474,4296,death
1821,474,4306,fairy tales
1822,474,4312,In Netflix queue
1823,474,4316,figure skating
1824,474,4326,race
1825,474,4326,rasicm
1826,474,4333,Strangers on a Train
1827,474,4347,Holocaust
1828,474,4356,In Netflix queue
1829,474,4359,adultery
1830,474,4361,men in drag
1831,474,4370,robots
1832,474,4380,accident
1833,474,4396,race
1834,474,4404,In Netflix queue
1835,474,4447,lawyers
1836,474,4448,heist
1837,474,4465,rape
1838,474,4476,twins
1839,474,4477,circus
1840,474,4489,Africa
1841,474,4489,immigrants
1842,474,4495,New York
1843,474,4526,aliens
1844,474,4537,hippies
1845,474,4545,robots
1846,474,4546,kidnapping
1847,474,4546,remade
1848,474,4558,twins
1849,474,4571,time travel
1850,474,4600,doctors
1851,474,4621,babies
1852,474,4623,baseball
1853,474,4638,dinosaurs
1854,474,4639,Hollywood
1855,474,4639,movie business
1856,474,4641,adolescence
1857,474,4677,dogs
1858,474,4678,television
1859,474,4688,In Netflix queue
1860,474,4787,prodigies
1861,474,4801,family
1862,474,4808,remake
1863,474,4809,Nuclear disaster
1864,474,4809,union
1865,474,4812,NASA
1866,474,4812,space
1867,474,4823,wedding
1868,474,4835,Loretta Lynn
1869,474,4857,Judaism
1870,474,4857,Tradition!
1871,474,4874,aliens
1872,474,4874,psychiatrist
1873,474,4878,time travel
1874,474,4881,Coen Brothers
1875,474,4896,Magic
1876,474,4896,Wizards
1877,474,4902,ghosts
1878,474,4920,psychology
1879,474,4963,heist
1880,474,4969,In Netflix queue
1881,474,4970,nightclub
1882,474,4970,singers
1883,474,4973,whimsical
1884,474,4979,new york
1885,474,4980,time travel
1886,474,4993,Tolkein
1887,474,4998,racism
1888,474,5008,Agatha Christie
1889,474,5008,court
1890,474,5012,cross dressing
1891,474,5012,Judaism
1892,474,5015,race
1893,474,5064,Dumas
1894,474,5064,revenge
1895,474,5114,movie business
1896,474,5120,In Netflix queue
1897,474,5135,India
1898,474,5139,baseball
1899,474,5213,religion
1900,474,5238,In Netflix queue
1901,474,5266,crime
1902,474,5291,In Netflix queue
1903,474,5291,samurai
1904,474,5294,religion
1905,474,5304,In Netflix queue
1906,474,5316,World War II
1907,474,5349,superhero
1908,474,5353,blind
1909,474,5377,Nick Hornby
1910,474,5379,anti-Semitism
1911,474,5379,Judaism
1912,474,5398,boxing
1913,474,5404,books
1914,474,5445,future
1915,474,5446,Australia
1916,474,5450,sisterhood
1917,474,5450,women
1918,474,5451,disability
1919,474,5451,mental illness
1920,474,5470,Oscar Wilde
1921,474,5475,In Netflix queue
1922,474,5498,In Netflix queue
1923,474,5502,aliens
1924,474,5505,adultery
1925,474,5505,younger men
1926,474,5527,AS Byatt
1927,474,5527,books
1928,474,5528,photography
1929,474,5528,psychopaths
1930,474,5548,homeless
1931,474,5577,adolescence
1932,474,5601,Animal movie
1933,474,5603,crime
1934,474,5603,heist
1935,474,5618,anime
1936,474,5629,Bible
1937,474,5630,Hannibal Lecter
1938,474,5633,bombs
1939,474,5644,baseball
1940,474,5644,Lou Gehrig
1941,474,5673,pudding
1942,474,5682,Holocaust
1943,474,5685,Girl Power
1944,474,5690,made me cry
1945,474,5690,orphans
1946,474,5721,In Netflix queue
1947,474,5721,Judaism
1948,474,5747,World War I
1949,474,5791,art
1950,474,5792,dating
1951,474,5802,teenagers
1952,474,5812,salute to Douglas Sirk
1953,474,5816,Magic
1954,474,5816,Wizards
1955,474,5875,short films
1956,474,5876,Graham Greene
1957,474,5878,coma
1958,474,5899,Africa
1959,474,5952,Tolkein
1960,474,5954,crime
1961,474,5954,nightclub
1962,474,5971,anime
1963,474,5989,crime
1964,474,5991,court
1965,474,5991,jazz
1966,474,5991,murder
1967,474,5994,Dickens
1968,474,5995,Holocaust
1969,474,6016,crime
1970,474,6016,photography
1971,474,6016,violence
1972,474,6020,class
1973,474,6027,In Netflix queue
1974,474,6031,motherhood
1975,474,6031,race
1976,474,6041,In Netflix queue
1977,474,6063,doll
1978,474,6090,ghosts
1979,474,6101,Chile
1980,474,6101,politics
1981,474,6101,South America
1982,474,6156,England
1983,474,6159,adolescence
1984,474,6163,obsession
1985,474,6170,horses
1986,474,6181,Civil War
1987,474,6181,Stephen Crane
1988,474,6183,Day and Hudson
1989,474,6183,sexuality
1990,474,6197,mental illness
1991,474,6201,England
1992,474,6216,World War II
1993,474,6218,soccer
1994,474,6232,animal movie
1995,474,6232,lions
1996,474,6235,Holocaust
1997,474,6235,World War II
1998,474,6238,immigrants
1999,474,6242,television
2000,474,6244,In Netflix queue
2001,474,6245,prostitution
2002,474,6254,screwball
2003,474,6268,adolescence
2004,474,6273,L.A.
2005,474,6281,crime
2006,474,6286,amnesia
2007,474,6288,gangs
2008,474,6291,prostitution
2009,474,6296,mockumentary
2010,474,6297,children
2011,474,6305,Ray Bradbury
2012,474,6308,lawyers
2013,474,6333,Jean Grey
2014,474,6333,Magneto
2015,474,6333,Rogue
2016,474,6333,superhero
2017,474,6333,Wolverine
2018,474,6334,teachers
2019,474,6337,gambling
2020,474,6339,trains
2021,474,6341,art
2022,474,6350,anime
2023,474,6367,retro
2024,474,6373,religion
2025,474,6377,Disney
2026,474,6377,fish
2027,474,6378,heist
2028,474,6385,Girl Power
2029,474,6390,Ninotchka remake
2030,474,6407,Olympics
2031,474,6407,Tokyo
2032,474,6422,Civil War
2033,474,6440,movie business
2034,474,6452,In Netflix queue
2035,474,6454,Nazis
2036,474,6466,In Netflix queue
2037,474,6502,zombies
2038,474,6515,fugitive
2039,474,6535,politics
2040,474,6536,swashbuckler
2041,474,6539,swashbuckler
2042,474,6545,Dodie Smith
2043,474,6547,flood
2044,474,6552,immigration
2045,474,6565,horses
2046,474,6579,Japan
2047,474,6591,religion
2048,474,6592,marriage
2049,474,6603,Othello
2050,474,6609,Bible
2051,474,6620,cancer
2052,474,6636,road trip
2053,474,6639,blindness
2054,474,6650,family
2055,474,6650,multiple roles
2056,474,6650,murder
2057,474,6660,ballet
2058,474,6662,Clousseau
2059,474,6668,In Netflix queue
2060,474,6669,terminal illness
2061,474,6708,con men
2062,474,6708,fatherhood
2063,474,6710,vertriloquism
2064,474,6711,Japan
2065,474,6713,In Netflix queue
2066,474,6724,In Netflix queue
2067,474,6732,matchmaker
2068,474,6744,vampire
2069,474,6753,Animal movie
2070,474,6768,religion
2071,474,6770,adultery
2072,474,6770,terminal illness
2073,474,6773,biking
2074,474,6785,Lonesome Polecat
2075,474,6786,In Netflix queue
2076,474,6787,journalism
2077,474,6787,Watergate
2078,474,6791,Food
2079,474,6807,british comedy
2080,474,6810,domestic violence
2081,474,6820,werewolf
2082,474,6832,amnesia
2083,474,6849,Christmas
2084,474,6852,black and white
2085,474,6852,Capote
2086,474,6852,crime
2087,474,6852,death penalty
2088,474,6852,murder
2089,474,6856,biopic
2090,474,6863,school
2091,474,6867,trains
2092,474,6870,child abuse
2093,474,6870,kidnapping
2094,474,6874,martial arts
2095,474,6874,revenge
2096,474,6881,Thanksgiving
2097,474,6890,adolescence
2098,474,6890,violence in america
2099,474,6909,transplants
2100,474,6912,Rita Hayworth can dance!
2101,474,6918,India
2102,474,6932,journalism
2103,474,6936,christmas
2104,474,6944,remake
2105,474,6944,wedding
2106,474,6979,Cold War
2107,474,6981,religion
2108,474,6984,Dickens
2109,474,6985,saint
2110,474,6993,family
2111,474,7013,good and evil
2112,474,7018,court
2113,474,7018,Scott Turow
2114,474,7023,In Netflix queue
2115,474,7025,In Netflix queue
2116,474,7049,Astaire and Rogers
2117,474,7050,Astaire and Rogers
2118,474,7053,Astaire and Rogers
2119,474,7055,Astaire and Rogers
2120,474,7059,horses
2121,474,7061,terminal illness
2122,474,7062,birds
2123,474,7062,prison
2124,474,7069,In Netflix queue
2125,474,7069,Shakespeare
2126,474,7070,cattle drive
2127,474,7071,In Netflix queue
2128,474,7073,Clousseau
2129,474,7079,disability
2130,474,7086,George Bernard Shaw
2131,474,7087,E.M. Forster
2132,474,7088,In Netflix queue
2133,474,7090,martial arts
2134,474,7091,Marx brothers
2135,474,7121,Hepburn and Tracy
2136,474,7132,Marx brothers
2137,474,7132,opera
2138,474,7139,immigrants
2139,474,7153,Tolkein
2140,474,7158,real estate
2141,474,7160,serial killer
2142,474,7162,Civil War
2143,474,7217,amnesia
2144,474,7218,In Netflix queue
2145,474,7219,truckers
2146,474,7234,circus
2147,474,7285,adolescence
2148,474,7301,priest
2149,474,7301,religion
2150,474,7318,religion
2151,474,7323,Cold War
2152,474,7361,memory
2153,474,7371,Grace
2154,474,7382,adolescence
2155,474,7382,crime
2156,474,7438,revenge
2157,474,7451,High School
2158,474,7479,World War II
2159,474,7584,Hepburn and Tracy
2160,474,7584,marriage
2161,474,7614,Rogers and Hammerstein
2162,474,7618,biopic
2163,474,7618,In Netflix queue
2164,474,7619,blindness
2165,474,7619,deaf
2166,474,7700,In Netflix queue
2167,474,7705,Hepburn and Tracy
2168,474,7705,sports
2169,474,7713,sexuality
2170,474,7714,King Arthur
2171,474,7728,adultery
2172,474,7748,In Netflix queue
2173,474,7766,MacBeth
2174,474,7789,terrorism
2175,474,7792,In Netflix queue
2176,474,7831,Nick and Nora Charles
2177,474,7832,Nick and Nora Charles
2178,474,7833,Nick and Nora Charles
2179,474,7834,Nick and Nora Charles
2180,474,7835,Nick and Nora Charles
2181,474,7924,In Netflix queue
2182,474,7926,In Netflix queue
2183,474,7934,psychology
2184,474,7981,police
2185,474,7983,show business
2186,474,8014,In Netflix queue
2187,474,8019,remade
2188,474,8033,In Netflix queue
2189,474,8094,In Netflix queue
2190,474,8153,Van Gogh
2191,474,8167,swashbuckler
2192,474,8183,In Netflix queue
2193,474,8188,Not available from Netflix
2194,474,8190,In Netflix queue
2195,474,8191,Anne Boleyn
2196,474,8197,In Netflix queue
2197,474,8207,assassination
2198,474,8228,heist
2199,474,8235,Clock
2200,474,8266,Prince
2201,474,8275,In Netflix queue
2202,474,8337,military
2203,474,8338,convent
2204,474,8338,religion
2205,474,8341,Dickens
2206,474,8360,ogres
2207,474,8366,pregnancy
2208,474,8366,religion
2209,474,8368,Magic
2210,474,8368,Wizards
2211,474,8376,high school
2212,474,8379,In Netflix queue
2213,474,8382,death
2214,474,8424,divorce
2215,474,8446,World War II
2216,474,8463,deafness
2217,474,8507,circus
2218,474,8530,Ireland
2219,474,8607,In Netflix queue
2220,474,8609,In Netflix queue
2221,474,8636,Doc Ock
2222,474,8638,generation X
2223,474,8645,drugs
2224,474,8645,immigrants
2225,474,8695,court
2226,474,8714,Cole Porter
2227,474,8754,Oscar (Best Actress)
2228,474,8765,In Netflix queue
2229,474,8784,psychology
2230,474,8796,Rome
2231,474,8809,Australia
2232,474,8838,In Netflix queue
2233,474,8874,zombies
2234,474,8875,alcoholism
2235,474,8875,marriage
2236,474,8879,Agatha Christie
2237,474,8879,Oscar (Best Supporting Actress)
2238,474,8879,train
2239,474,8880,disability
2240,474,8914,time travel
2241,474,8920,Oscar (Best Actress)
2242,474,8943,stage
2243,474,8949,wine
2244,474,8950,psychology
2245,474,8951,abortion
2246,474,8958,biopic
2247,474,8961,Disney
2248,474,8961,superhero
2249,474,8970,Peter Pan
2250,474,8983,martial arts
2251,474,25753,gold
2252,474,25825,revenge
2253,474,25855,In Netflix queue
2254,474,25865,In Netflix queue
2255,474,25886,made me cry
2256,474,25940,mirrors
2257,474,25952,In Netflix queue
2258,474,26085,Not available from Netflix
2259,474,26131,In Netflix queue
2260,474,26151,donkey
2261,474,26662,anime
2262,474,26776,In Netflix queue
2263,474,27731,In Netflix queue
2264,474,27741,In Netflix queue
2265,474,27790,religion
2266,474,27790,saints
2267,474,27834,fatherhood
2268,474,27838,revenge
2269,474,30707,boxing
2270,474,30749,genocide
2271,474,30793,roald dahl
2272,474,30812,biopic
2273,474,30812,Howard Hughes
2274,474,30812,movie business
2275,474,30820,child abuse
2276,474,30822,busniess
2277,474,30850,Shakespeare
2278,474,31030,motherhood
2279,474,31437,orphans
2280,474,31658,06 Oscar Nominated Best Movie - Animation
2281,474,31658,In Netflix queue
2282,474,31903,marriage
2283,474,31923,In Netflix queue
2284,474,32160,In Netflix queue
2285,474,32371,In Netflix queue
2286,474,32584,fatherhood
2287,474,33166,racism
2288,474,33493,space
2289,474,33493,space opera
2290,474,33660,boxing
2291,474,34271,hip hop
2292,474,34359,pregnancy
2293,474,34405,Firefly
2294,474,34437,In Netflix queue
2295,474,34482,In Netflix queue
2296,474,34528,pregnancy
2297,474,35015,Animal movie
2298,474,35015,In Netflix queue
2299,474,36517,Africa
2300,474,36517,business
2301,474,36517,politics
2302,474,36527,mathematics
2303,474,36535,In Netflix queue
2304,474,37729,06 Oscar Nominated Best Movie - Animation
2305,474,37733,In Netflix queue
2306,474,37736,Dickens
2307,474,37741,Truman Capote
2308,474,38038,06 Oscar Nominated Best Movie - Animation
2309,474,38038,Aardman
2310,474,38061,In Netflix queue
2311,474,38886,divorce
2312,474,39234,courtroom drama
2313,474,39234,In Netflix queue
2314,474,39292,In Netflix queue
2315,474,39292,journalism
2316,474,39292,McCarthy hearings
2317,474,39292,Morrow
2318,474,40583,In Netflix queue
2319,474,40629,In Netflix queue
2320,474,40815,Magic
2321,474,40815,Wizards
2322,474,40819,Johnny Cash
2323,474,41566,C.S. Lewis
2324,474,41997,In Netflix queue
2325,474,42002,In Netflix queue
2326,474,42740,In Netflix queue
2327,477,32,Brad Pitt
2328,477,32,Bruce Willis
2329,477,32,mindfuck
2330,477,32,Post apocalyptic
2331,477,32,post-apocalyptic
2332,477,32,remake
2333,477,32,time travel
2334,477,32,twist ending
2335,477,34,villain nonexistent or not needed for good story
2336,477,104,Adam Sandler
2337,477,216,Adam Sandler
2338,477,216,stop looking at me swan
2339,477,318,Morgan Freeman
2340,477,541,androids
2341,477,541,artificial intelligence
2342,477,541,atmospheric
2343,477,541,cyberpunk
2344,477,541,future
2345,477,541,mindfuck
2346,477,541,Philip K. Dick
2347,477,589,Scifi masterpiece
2348,477,593,disturbing
2349,477,593,drama
2350,477,593,gothic
2351,477,593,psychology
2352,477,593,suspense
2353,477,733,Michael Bay
2354,477,733,terrorism
2355,477,750,black comedy
2356,477,750,dark comedy
2357,477,750,satire
2358,477,832,GIVE ME BACK MY SON!
2359,477,832,It was melodramatic and kind of dumb
2360,477,832,Mel Gibson
2361,477,903,Alfred Hitchcock
2362,477,903,Atmospheric
2363,477,903,imdb top 250
2364,477,903,James Stewart
2365,477,904,imdb top 250
2366,477,904,James Stewart
2367,477,904,mystery
2368,477,904,photographer
2369,477,904,photography
2370,477,908,Alfred Hitchcock
2371,477,908,imdb top 250
2372,477,922,eerie
2373,477,922,movie business
2374,477,1089,humorous
2375,477,1089,neo-noir
2376,477,1089,Quentin Tarantino
2377,477,1089,religion
2378,477,1089,Tarantino
2379,477,1196,classic
2380,477,1196,George Lucas
2381,477,1196,Harrison Ford
2382,477,1196,music
2383,477,1196,original plot
2384,477,1196,sci-fi
2385,477,1196,sequel
2386,477,1219,Alfred Hitchcock
2387,477,1219,black and white
2388,477,1219,imdb top 250
2389,477,1219,remade
2390,477,1222,anti-war
2391,477,1274,animation
2392,477,1274,anime
2393,477,1274,visually stunning
2394,477,2393,cameo:Whoopi Goldberg
2395,477,2393,space opera
2396,477,2393,Star Trek
2397,477,2694,Adam Sandler
2398,477,2706,best comedy
2399,477,2706,Chris Klein
2400,477,2706,dumb
2401,477,2706,Jason Biggs
2402,477,2706,not funny
2403,477,2706,pizza beer
2404,477,2706,Seann William Scott
2405,477,2706,teen
2406,477,2761,animation
2407,477,3000,adventure
2408,477,3000,atmospheric
2409,477,3000,fantasy world
2410,477,3000,Studio Ghibli
2411,477,3000,surreal
2412,477,3527,aliens
2413,477,3527,Arnold Schwarzenegger
2414,477,3527,dialogue
2415,477,3527,guns
2416,477,3527,Jesse Ventura
2417,477,3527,macho
2418,477,3527,sci-fi
2419,477,3527,scifi cult
2420,477,3994,atmospheric
2421,477,3994,comics
2422,477,3994,father-son relationship
2423,477,3994,mindfuck
2424,477,3994,unique
2425,477,4226,mystery
2426,477,4226,twist ending
2427,477,4725,mental hospital
2428,477,4725,psychology
2429,477,4725,suspense
2430,477,4725,Well Done
2431,477,4878,dreamlike
2432,477,4878,hallucinatory
2433,477,4878,mental illness
2434,477,4878,psychology
2435,477,4878,social commentary
2436,477,4878,teen
2437,477,4878,thought-provoking
2438,477,5459,crappy sequel
2439,477,5459,first was much better
2440,477,5459,sequel
2441,477,7361,cult film
2442,477,7361,imagination
2443,477,7361,Jim Carrey
2444,477,7361,love
2445,477,7361,surreal
2446,477,7439,comic book
2447,477,8783,Atmospheric
2448,477,8783,good soundtrack
2449,477,8783,M. Night Shyamalan
2450,477,8961,animation
2451,477,8961,Samuel L. Jackson
2452,477,41569,big budget
2453,477,45499,Halle Berry
2454,477,45499,Hugh Jackman
2455,477,45730,bad
2456,477,45730,disappointing
2457,477,45730,faerie tale
2458,477,45730,fairy tale
2459,477,45730,far fetched
2460,477,45730,M. Night Shyamalan
2461,477,45730,Paul Giamatti
2462,477,47610,costume drama
2463,477,47610,Edward Norton
2464,477,47610,magic
2465,477,47610,Paul Giamatti
2466,477,52885,dreamlike
2467,477,53468,zombies
2468,477,54503,friendship
2469,477,54503,high school
2470,477,54503,Michael Cera
2471,477,54503,nerds
2472,477,54503,self discovery
2473,477,54503,shenanigans
2474,477,54503,virginity
2475,477,55167,anime
2476,477,56174,alone in the world
2477,477,56174,apocalypse
2478,477,56174,based on a book
2479,477,56174,last man on earth
2480,477,56174,plot holes
2481,477,56174,Post apocalyptic
2482,477,56174,post-apocalyptic
2483,477,56174,religion
2484,477,56174,vampire
2485,477,56367,Michael Cera
2486,477,56367,notable soundtrack
2487,477,56367,pregnancy
2488,477,56367,teenage pregnancy
2489,477,56367,witty
2490,477,57669,black comedy
2491,477,57669,Colin Farrell
2492,477,57669,dark comedy
2493,477,57669,drugs
2494,477,57669,friendship
2495,477,57669,irreverent
2496,477,57669,Ralph Fiennes
2497,477,57669,stylized
2498,477,59141,movies about movies
2499,477,60069,last man on earth
2500,477,60069,love story
2501,477,60069,Post apocalyptic
2502,477,60069,social commentary
2503,477,61323,Brad Pitt
2504,477,61323,Coen Bros
2505,477,61323,Coen Brothers
2506,477,61323,dark comedy
2507,477,61323,espionage
2508,477,61323,George Clooney
2509,477,61323,John Malkovich
2510,477,61323,satire
2511,477,61323,twists & turns
2512,477,61323,weird
2513,477,67087,Andy Samberg
2514,477,67087,bromance
2515,477,67087,bromantic
2516,477,67087,comedy
2517,477,67087,Jaime Pressly
2518,477,67087,Jason Segel
2519,477,67087,masculinity
2520,477,67087,Paul Rudd
2521,477,68237,2001-like
2522,477,68237,Sci-fi
2523,477,68237,solitude
2524,477,68319,bad plot
2525,477,68319,comic book
2526,477,68319,hugh jackman
2527,477,68319,Ryan Reynolds
2528,477,68319,too many characters
2529,477,68358,future
2530,477,68358,lack of development
2531,477,68358,lack of story
2532,477,68358,quick cuts
2533,477,68358,sci-fi
2534,477,68358,Simon Pegg
2535,477,68358,space
2536,477,68358,space travel
2537,477,68358,time travel
2538,477,68791,artificial intelligence
2539,477,68791,bad acting
2540,477,68791,bad plot
2541,477,68791,bad script
2542,477,68791,Christian Bale
2543,477,68791,FIGHTING THE SYSTEM
2544,477,68791,franchise
2545,477,68791,new composer
2546,477,68791,post-apocalyptic
2547,477,68791,robots
2548,477,68791,sci-fi
2549,477,68791,sequel
2550,477,68945,Recap
2551,477,69526,bad plot
2552,477,69526,Michael Bay
2553,477,69526,needed more autobots
2554,477,69526,plot holes
2555,477,69526,ridiculous
2556,477,69526,Shia LaBeouf
2557,477,69526,stop using useless characters for filler
2558,477,69757,artistic
2559,477,69757,Funny
2560,477,69757,humorous
2561,477,69757,inspiring
2562,477,69757,intelligent
2563,477,69757,quirky
2564,477,69757,romance
2565,477,69757,Zooey Deschanel
2566,477,70286,intelligent sci-fi
2567,477,72224,bad humor
2568,477,72998,bad science
2569,477,72998,futuristic
2570,477,72998,graphic design
2571,477,72998,James Cameron
2572,477,72998,military
2573,477,72998,poor dialogue
2574,477,72998,sci-fi
2575,477,72998,superficial plot
2576,477,72998,unoriginal
2577,477,72998,white guilt
2578,477,79132,dreamlike
2579,477,79132,surreal
2580,477,79132,visually appealing
2581,477,79702,geeky
2582,477,79702,Michael Cera
2583,477,79702,stylized
2584,477,79702,video games
2585,477,82242,male nudity
2586,477,82461,action choreography
2587,477,82461,Horrid characterisation
2588,477,82461,Poor plot development
2589,477,82461,sequel
2590,477,82461,soundtrack
2591,487,112552,passion
2592,487,112552,psychological
2593,487,112552,suspense
2594,506,112552,jazz
2595,506,112552,music
2596,506,112552,tense
2597,513,750,purity of essence
2598,513,750,Slim Pickens
2599,513,6787,Deep Throat
2600,520,3039,Dan Aykroyd
2601,520,60516,enjoyable
2602,533,356,bubba gump shrimp
2603,533,356,lieutenant dan
2604,533,356,stupid is as stupid does
2605,537,527,based on a true story
2606,537,527,biography
2607,537,527,disturbing
2608,537,527,holocaust
2609,537,1625,Mystery
2610,537,1721,romance
2611,537,2329,edward norton
2612,537,2329,emotional
2613,537,2329,politics
2614,537,2571,philosophy
2615,537,2571,post apocalyptic
2616,537,3949,depressing
2617,537,3949,psychology
2618,537,5989,cheating
2619,537,5989,intelligent
2620,537,5989,Leonardo DiCaprio
2621,537,5989,lies
2622,537,5989,smart
2623,537,5989,Tom Hanks
2624,537,5989,twists & turns
2625,537,8533,memory loss
2626,537,8533,romance
2627,537,8533,sad
2628,537,55765,corruption
2629,537,55765,Denzel Washington
2630,537,55765,mafia
2631,537,55765,organized crime
2632,537,58295,heist
2633,537,58295,robbery
2634,537,58295,small time criminals
2635,537,69122,casino
2636,537,69122,comedy
2637,537,69122,funny
2638,537,69122,hotel
2639,537,69122,Las Vegas
2640,537,69481,war
2641,537,72998,beautiful scenery
2642,537,72998,graphic design
2643,537,72998,music
2644,537,72998,politics
2645,537,72998,romance
2646,537,72998,thought-provoking
2647,537,72998,too long
2648,537,72998,visually stunning
2649,537,79132,big budget
2650,537,79132,clever
2651,537,79132,complicated
2652,537,79132,dead wife
2653,537,79132,great soundtrack
2654,537,79132,heist
2655,537,79132,intellectual
2656,537,79132,mindfuck
2657,537,79132,philosophy
2658,537,79132,psychological
2659,537,79132,psychology
2660,537,79132,suspense
2661,537,79132,thought-provoking
2662,537,80489,crime
2663,537,80489,FBI
2664,537,80489,romance
2665,537,80489,too much love interest
2666,537,89745,Captain America
2667,537,89745,silly
2668,537,89745,superhero
2669,537,89745,superhero team
2670,537,90439,bank
2671,537,90439,big corporations
2672,537,90439,business
2673,537,90439,corruption
2674,537,90439,financial crisis
2675,537,90439,Kevin Spacey
2676,537,90439,realistic
2677,537,90439,suspense
2678,537,90439,Wall Street
2679,537,92259,emotional
2680,537,92259,sexuality
2681,537,95067,interesting scenario
2682,537,95441,crude humor
2683,537,97304,cia
2684,537,97304,politics
2685,537,97304,Thrilling
2686,537,99114,Soundtrack
2687,537,104218,Adam Sandler
2688,537,104841,cliche characters
2689,537,104841,long shots
2690,537,104841,predictable
2691,537,104841,Simple
2692,537,104841,slow action
2693,537,104841,visually appealing
2694,537,105504,hostage
2695,537,105504,ocean
2696,537,105504,suspense
2697,537,106782,Stock Market
2698,537,106782,Wall Street
2699,543,85565,Comedy
2700,567,1,fun
2701,567,101,off-beat comedy
2702,567,101,quirky
2703,567,308,cynical
2704,567,356,bittersweet
2705,567,356,emotional
2706,567,356,heartwarming
2707,567,356,touching
2708,567,541,atmospheric
2709,567,541,dreamlike
2710,567,541,existentialism
2711,567,541,philosophical
2712,567,750,black comedy
2713,567,750,dark comedy
2714,567,750,Quirky
2715,567,1203,claustrophobic
2716,567,1203,confrontational
2717,567,1203,earnest
2718,567,1203,good dialogue
2719,567,1203,great screenplay
2720,567,1203,gritty
2721,567,1203,Motivational
2722,567,1203,thought-provoking
2723,567,1237,atmospheric
2724,567,1237,cerebral
2725,567,1237,existentialism
2726,567,1237,philosophical
2727,567,1237,reflective
2728,567,1260,atmospheric
2729,567,1260,chilly
2730,567,1260,creepy
2731,567,1260,menacing
2732,567,1260,mental illness
2733,567,1260,oninous
2734,567,1653,intelligent
2735,567,1653,thought-provoking
2736,567,1704,heartwarming
2737,567,1704,inspirational
2738,567,1916,avant-garde romantic comedy
2739,567,1916,elegiac
2740,567,1916,melancholy
2741,567,1916,quirky
2742,567,1916,wry
2743,567,1921,artsy
2744,567,1921,atmospheric
2745,567,1921,cerebral
2746,567,1921,enigmatic
2747,567,1921,existentialism
2748,567,1921,hallucinatory
2749,567,1921,insanity
2750,567,1921,paranoia
2751,567,1921,paranoid
2752,567,1921,surreal
2753,567,1921,tense
2754,567,1921,visually appealing
2755,567,2138,atmospheric
2756,567,2138,beautiful
2757,567,2324,bittersweet
2758,567,2324,emotional
2759,567,2324,Heartwarming
2760,567,2324,poignant
2761,567,2324,sentimental
2762,567,2324,tear jerker
2763,567,2324,tearjerking
2764,567,2731,emotional
2765,567,2731,gentle
2766,567,2731,heartwarming
2767,567,2731,lyrical
2768,567,2731,reflective
2769,567,3134,downbeat
2770,567,3134,poignant
2771,567,3266,black comedy
2772,567,3266,crazy
2773,567,3266,dark
2774,567,3266,dark comedy
2775,567,3266,dark humor
2776,567,3266,serial killer
2777,567,3424,great cinematography
2778,567,3671,dark humor
2779,567,3671,easygoing
2780,567,3671,silly
2781,567,3676,art house
2782,567,3676,Atmospheric
2783,567,3676,creepy
2784,567,3676,cryptic
2785,567,3676,dark
2786,567,3676,disturbing
2787,567,3676,dreamlike
2788,567,3676,enigmatic
2789,567,3676,fucked up
2790,567,3676,gruesome
2791,567,3676,hallucinatory
2792,567,3676,Insane
2793,567,3676,paranoid
2794,567,3676,strange
2795,567,3676,surreal
2796,567,3676,weird
2797,567,3994,atmospheric
2798,567,3994,somber
2799,567,4144,atmospheric
2800,567,4144,Beautiful
2801,567,4144,bittersweet
2802,567,4144,dreamy
2803,567,4144,elegant
2804,567,4144,heartbreaking
2805,567,4144,intimate
2806,567,4144,loneliness
2807,567,4144,long takes
2808,567,4144,longing
2809,567,4144,melancholic
2810,567,4144,melancholy
2811,567,4144,moody
2812,567,4144,nocturnal
2813,567,4144,romantic
2814,567,4144,Unique
2815,567,4144,visually appealing
2816,567,4144,visually stunning
2817,567,4226,cerebral
2818,567,4226,dreamlike
2819,567,4552,"""artsy"""
2820,567,4552,atmospheric
2821,567,4552,gritty
2822,567,4552,hallucinatory
2823,567,4552,surreal
2824,567,4552,visually stunning
2825,567,4878,atmospheric
2826,567,4878,cerebral
2827,567,4878,dreamlike
2828,567,4878,enigmatic
2829,567,4878,hallucinatory
2830,567,4878,mental illness
2831,567,4878,mindfuck
2832,567,4878,philosophy
2833,567,4878,psychological
2834,567,4878,quirky
2835,567,4878,surreal
2836,567,4878,thought-provoking
2837,567,4878,weird
2838,567,5673,anger
2839,567,5673,awkward
2840,567,5673,bittersweet
2841,567,5673,hallucinatory
2842,567,5673,quirky
2843,567,5673,sad
2844,567,5673,surreal
2845,567,5673,symbolism
2846,567,5673,tense
2847,567,5673,unconventional
2848,567,5673,unique
2849,567,5673,wistful
2850,567,5690,beautiful
2851,567,5690,downbeat
2852,567,5690,grim
2853,567,5690,poignant
2854,567,5690,tear jerker
2855,567,5690,tragedy
2856,567,5690,tragic
2857,567,6214,dark
2858,567,6214,disturbing
2859,567,6291,Depressing
2860,567,6291,melancholy
2861,567,6291,sad
2862,567,6377,heartwarming
2863,567,6669,meditative
2864,567,6669,philosophical
2865,567,6669,poignant
2866,567,6669,purposefulness
2867,567,6818,atmospheric
2868,567,6818,bleak
2869,567,6818,disturbing
2870,567,6818,gritty
2871,567,6818,harsh
2872,567,7024,bleak
2873,567,7024,confrontational
2874,567,7024,disturbing
2875,567,7024,harsh
2876,567,7024,haunting
2877,567,7024,inhumane
2878,567,7024,thought-provoking
2879,567,7361,arthouse
2880,567,7361,artistic
2881,567,7361,atmospheric
2882,567,7361,beautiful
2883,567,7361,bittersweet
2884,567,7361,colourful
2885,567,7361,comedy
2886,567,7361,dreamlike
2887,567,7361,emotional
2888,567,7361,feel-good
2889,567,7361,happpiness
2890,567,7361,humane
2891,567,7361,insightful
2892,567,7361,intelligent
2893,567,7361,lovely
2894,567,7361,melancholy
2895,567,7361,mind-bending
2896,567,7361,philosophy
2897,567,7361,quirky
2898,567,7361,quirky romantic
2899,567,7361,romantic
2900,567,7361,surreal
2901,567,7361,surrealism
2902,567,7361,thought-provoking
2903,567,26717,boring
2904,567,26717,psychedelic
2905,567,26717,symbolic
2906,567,27773,bizarre
2907,567,27773,claustrophobic
2908,567,27773,depressing
2909,567,27773,disturbing
2910,567,27773,hallucinatory
2911,567,27773,paranoid
2912,567,27773,surreal
2913,567,27773,twisted
2914,567,30810,heartwarming
2915,567,30810,off-beat comedy
2916,567,30810,quirky
2917,567,30810,trippy
2918,567,30810,visually appealing
2919,567,30810,whimsical
2920,567,40491,depression
2921,567,45880,cinematography
2922,567,45880,lyrical
2923,567,48394,atmospheric
2924,567,48394,bittersweet
2925,567,48394,visually appealing
2926,567,48780,atmospheric
2927,567,48780,enigmatic
2928,567,50872,clever
2929,567,50872,inspirational
2930,567,56782,atmospheric
2931,567,56782,cerebral
2932,567,56782,character study
2933,567,56782,gritty
2934,567,56782,intense
2935,567,56782,long shots
2936,567,56782,morality
2937,567,56782,visually appealing
2938,567,58301,dark
2939,567,58301,dark humor
2940,567,58301,intelligent
2941,567,58301,thought-provoking
2942,567,58559,dark
2943,567,58559,gritty
2944,567,63062,emotional
2945,567,68954,bittersweet
2946,567,68954,emotional
2947,567,68954,heartbreaking
2948,567,68954,touching
2949,567,71899,bittersweet
2950,567,71899,black comedy
2951,567,71899,character study
2952,567,71899,dark comedy
2953,567,71899,friendship
2954,567,71899,loneliness
2955,567,71899,mental illness
2956,567,71899,philosophical
2957,567,71899,poignant
2958,567,71899,quirky
2959,567,71899,sad
2960,567,71899,sweet
2961,567,71899,touching
2962,567,79132,cerebral
2963,567,79132,dreamlike
2964,567,79132,philosophy
2965,567,79132,thought-provoking
2966,567,80463,good dialogue
2967,567,80463,loneliness
2968,567,80463,witty
2969,567,89745,fun
2970,567,89745,great humor
2971,567,89745,visually appealing
2972,567,94959,quirky
2973,567,95558,Beautiful
2974,567,95558,emotional
2975,567,95558,poetic
2976,567,96079,beautiful cinematography
2977,567,96079,beautifully filmed
2978,567,96079,cinematography
2979,567,99764,moving
2980,567,99764,philosopical
2981,567,99764,surreal
2982,567,99764,weird
2983,567,99917,artistic
2984,567,99917,artsy
2985,567,99917,atmospheric
2986,567,99917,Beautiful
2987,567,99917,dreamlike
2988,567,99917,existentialism
2989,567,104875,quirky
2990,567,104944,emotional
2991,567,104944,feel-good
2992,567,104944,heartwarming
2993,567,104944,mental illness
2994,567,104944,touching
2995,567,105504,suspense
2996,567,105504,tense
2997,567,106766,atmospheric
2998,567,106766,cinematography
2999,567,106766,depressing
3000,567,106766,funny
3001,567,107406,fatalistic
3002,567,108932,cheeky
3003,567,108932,clever
3004,567,108932,colorful
3005,567,108932,feel-good
3006,567,108932,fun
3007,567,108932,imaginative
3008,567,108932,quirky
3009,567,109487,bad dialogue
3010,567,109487,philosophical issues
3011,567,109487,thought-provoking
3012,567,109487,visually appealing
3013,567,112421,adorable
3014,567,112421,black comedy
3015,567,112421,Eccentric
3016,567,112421,introspection
3017,567,112421,mental illness
3018,567,112421,quirky
3019,567,112552,inspirational
3020,567,112552,inspiring
3021,567,112552,intense
3022,567,112852,funny
3023,567,112852,Great Visuals
3024,567,112852,humorous
3025,567,112852,unlikely hero
3026,567,113705,bittersweet
3027,567,114627,atmospheric
3028,567,114627,bizzare
3029,567,114627,eerie
3030,567,114627,symbolism
3031,567,116797,inspirational
3032,567,116797,intelligent
3033,567,117877,philosophical
3034,567,117877,trippy
3035,567,117887,heartwarming
3036,567,119145,slick
3037,567,122882,beautiful
3038,567,122882,cinematography
3039,567,122882,visually appealing
3040,567,122912,Dark
3041,567,122912,emotional
3042,567,122912,Sad
3043,567,122912,Visually appealing
3044,567,122912,Visually stunning
3045,567,122916,awesome
3046,567,122916,humor
3047,567,122916,quirky
3048,567,122916,unconventional
3049,567,122916,white guilt
3050,567,122918,fun
3051,567,122922,visually appealing
3052,567,127298,depressing
3053,567,127298,understated
3054,567,134130,smart
3055,567,138036,slick
3056,567,138036,stylish
3057,567,139385,cinematography
3058,567,139385,visually appealing
3059,567,139385,Visually Striking
3060,567,139644,atmospheric
3061,567,139644,tension
3062,567,140174,moving
3063,567,140174,touching
3064,567,141890,Moving
3065,567,143367,contemplative
3066,567,143367,philosophical
3067,567,143367,thought-provoking
3068,567,143367,tragic
3069,567,148626,funny
3070,567,148626,interesting
3071,567,148626,Witty
3072,567,152077,creepy
3073,567,152077,suspense
3074,567,155288,suspense
3075,567,155288,thought-provoking
3076,567,156605,quirky
3077,567,156605,sweet
3078,567,156605,understated
3079,567,161634,intense
3080,567,164179,beautiful visuals
3081,567,164179,Cerebral
3082,567,164179,cinematography
3083,567,164179,good cinematography
3084,567,164179,smart
3085,567,164179,thought-provoking
3086,567,164179,visually appealing
3087,567,164909,Bittersweet
3088,567,164909,visually appealing
3089,567,167746,funny
3090,567,167746,heartwarming
3091,567,168252,dark
3092,567,168252,emotional
3093,567,168252,gritty
3094,567,168252,heartbreaking
3095,567,168252,predictible plot
3096,567,170945,paranoia
3097,567,170945,Suspenseful
3098,567,174055,brilliant
3099,567,174055,inspiring
3100,567,174055,tense
3101,567,176371,atmospheric
3102,567,176371,beautiful
3103,567,176371,cinematography
3104,567,176371,dark
3105,567,176371,dreamlike
3106,567,176371,existentialism
3107,567,176371,moody
3108,567,176371,philosophical
3109,567,176419,allegorical
3110,567,176419,uncomfortable
3111,567,176419,unsettling
3112,567,180031,atmospheric
3113,567,180031,dreamlike
3114,567,180985,bad music
3115,573,248,bad
3116,573,248,Sinbad
3117,573,413,Comedy
3118,573,540,bad
3119,573,707,bad
3120,573,836,seen at the cinema
3121,573,1441,Not Seen
3122,573,1779,good
3123,573,1801,seen more than once
3124,573,2116,classic
3125,573,2431,bad
3126,573,2662,classic
3127,573,2951,bad
3128,573,4015,bad
3129,573,4343,really bad
3130,573,4343,Seann William Scott
3131,573,4446,sci-fi
3132,573,4448,boring
3133,573,5064,remake
3134,573,5254,Great movie
3135,573,5254,Wesley Snipes
3136,573,6016,not seen
3137,573,6157,bad
3138,573,6157,Ben Affleck
3139,573,6373,classic
3140,573,35836,BEST PICTURE
3141,573,35836,classic
3142,573,35836,hilarious
3143,573,35836,steve carell
3144,573,52712,HORRIBLE ACTING
3145,573,52712,interesting
3146,599,293,Action
3147,599,293,assassin
3148,599,293,assassination
3149,599,293,assassins
3150,599,293,awkward romance
3151,599,293,corruption
3152,599,293,crime
3153,599,293,disturbing
3154,599,293,drama
3155,599,293,French
3156,599,293,friendship
3157,599,293,Gary Oldman
3158,599,293,great acting
3159,599,293,Guns
3160,599,293,hit men
3161,599,293,hitman
3162,599,293,humorous
3163,599,293,imdb top 250
3164,599,293,Jean Reno
3165,599,293,Lolita theme
3166,599,293,loneliness
3167,599,293,love story
3168,599,293,Luc Besson
3169,599,293,Natalie Portman
3170,599,293,organized crime
3171,599,293,police
3172,599,293,police corruption
3173,599,293,quirky
3174,599,293,sniper
3175,599,293,tense
3176,599,293,touching
3177,599,293,unique
3178,599,296,1990s
3179,599,296,achronological
3180,599,296,action
3181,599,296,action packed
3182,599,296,aggressive
3183,599,296,amazing
3184,599,296,amazing dialogues
3185,599,296,anthology
3186,599,296,assassin
3187,599,296,atmospheric
3188,599,296,AWESOME
3189,599,296,bad ass
3190,599,296,bad language
3191,599,296,bad-ass
3192,599,296,bible
3193,599,296,biblical references
3194,599,296,big boys with guns
3195,599,296,big name actors
3196,599,296,Black comedy
3197,599,296,black humor
3198,599,296,black humour
3199,599,296,blood
3200,599,296,blood splatters
3201,599,296,bloody
3202,599,296,bruce willis
3203,599,296,brutality
3204,599,296,casual violence
3205,599,296,character development
3206,599,296,characters
3207,599,296,classic
3208,599,296,classic movie
3209,599,296,coke
3210,599,296,comedy
3211,599,296,conversation
3212,599,296,cool
3213,599,296,cool style
3214,599,296,crime
3215,599,296,crime scene scrubbing
3216,599,296,cult
3217,599,296,cult classic
3218,599,296,cult film
3219,599,296,dance
3220,599,296,dancing
3221,599,296,dark
3222,599,296,dark comedy
3223,599,296,dark humor
3224,599,296,dialogue
3225,599,296,different
3226,599,296,diner
3227,599,296,disjointed timeline
3228,599,296,disturbing
3229,599,296,drama
3230,599,296,drug overdose
3231,599,296,drugs
3232,599,296,drugs & music
3233,599,296,ensemble cast
3234,599,296,entertaining
3235,599,296,entirely dialogue
3236,599,296,episodic
3237,599,296,exciting
3238,599,296,fast paced
3239,599,296,fast-paced
3240,599,296,film noir
3241,599,296,film-noir
3242,599,296,foul language
3243,599,296,fun
3244,599,296,funny
3245,599,296,gangster
3246,599,296,gangsters
3247,599,296,genius
3248,599,296,golden watch
3249,599,296,good dialogue
3250,599,296,good music
3251,599,296,gore
3252,599,296,great acting
3253,599,296,great dialogue
3254,599,296,great soundtrack
3255,599,296,gritty
3256,599,296,guns
3257,599,296,Harvey Keitel
3258,599,296,heroin
3259,599,296,Highly quotable
3260,599,296,hit men
3261,599,296,hitman
3262,599,296,homosexuality
3263,599,296,humour
3264,599,296,iconic
3265,599,296,imdb top 250
3266,599,296,innovative
3267,599,296,intellectual
3268,599,296,intelligent
3269,599,296,intense
3270,599,296,interesting
3271,599,296,intertwining storylines
3272,599,296,interwoven storylines
3273,599,296,ironic
3274,599,296,irony
3275,599,296,John Travolta
3276,599,296,killer-as-protagonist
3277,599,296,los angeles
3278,599,296,Mafia
3279,599,296,masterpiece
3280,599,296,meaningless violence
3281,599,296,milkshake
3282,599,296,mobster
3283,599,296,mobsters
3284,599,296,monologue
3285,599,296,motherfucker
3286,599,296,multiple stories
3287,599,296,multiple storylines
3288,599,296,neo-noir
3289,599,296,noir
3290,599,296,non-linear
3291,599,296,non-linear timeline
3292,599,296,nonlinear
3293,599,296,nonlinear narrative
3294,599,296,nonlinear storyline
3295,599,296,nonlinear timeline
3296,599,296,notable soundtrack
3297,599,296,offensive
3298,599,296,organised crime
3299,599,296,organized crime
3300,599,296,original
3301,599,296,original plot
3302,599,296,out of order
3303,599,296,Palme d'Or
3304,599,296,parody
3305,599,296,philosophical
3306,599,296,pop culture references
3307,599,296,psychological
3308,599,296,pulp
3309,599,296,Quentin Tarantino
3310,599,296,quirky
3311,599,296,Quotable
3312,599,296,r:disturbing violent content including rape
3313,599,296,r:disturbing violent images
3314,599,296,r:graphic sexuality
3315,599,296,r:some violence
3316,599,296,r:strong bloody violence
3317,599,296,r:strong language
3318,599,296,r:sustained strong stylized violence
3319,599,296,r:violence
3320,599,296,random
3321,599,296,rape
3322,599,296,retro
3323,599,296,Roger Avary
3324,599,296,royal with cheese
3325,599,296,Samuel L. Jackson
3326,599,296,sarcasm
3327,599,296,satire
3328,599,296,sexy
3329,599,296,smart writing
3330,599,296,sophisticated
3331,599,296,soundtrack
3332,599,296,splatter
3333,599,296,Steve Buscemi
3334,599,296,storytelling
3335,599,296,stylish
3336,599,296,stylized
3337,599,296,suspense
3338,599,296,Tarantino
3339,599,296,thought-provoking
3340,599,296,thriller
3341,599,296,travolta
3342,599,296,twist ending
3343,599,296,Uma Thurman
3344,599,296,unique
3345,599,296,unpredictable
3346,599,296,unusual
3347,599,296,very funny
3348,599,296,violence
3349,599,296,violent
3350,599,296,witty
3351,599,924,aliens
3352,599,924,apes
3353,599,924,Arthur C. Clarke
3354,599,924,artificial intelligence
3355,599,924,atmospheric
3356,599,924,cinematography
3357,599,924,classic
3358,599,924,computer
3359,599,924,confusing ending
3360,599,924,cult film
3361,599,924,Dull
3362,599,924,future
3363,599,924,futuristic
3364,599,924,imdb top 250
3365,599,924,masterpiece
3366,599,924,meditative
3367,599,924,music
3368,599,924,mystery
3369,599,924,Oscar (Best Effects - Visual Effects)
3370,599,924,overrated
3371,599,924,philosophical
3372,599,924,relaxing
3373,599,924,revolutionary
3374,599,924,robots
3375,599,924,sci-fi
3376,599,924,setting:space/space ship
3377,599,924,slow
3378,599,924,slow paced
3379,599,924,soundtrack
3380,599,924,space
3381,599,924,space travel
3382,599,924,spacecraft
3383,599,924,Stanley Kubrick
3384,599,924,superb soundtrack
3385,599,924,surreal
3386,599,924,technology
3387,599,924,tedious
3388,599,924,visual
3389,599,924,visually appealing
3390,599,1732,black comedy
3391,599,1732,bowling
3392,599,1732,classic
3393,599,1732,coen brothers
3394,599,1732,comedy
3395,599,1732,crime
3396,599,1732,Cult classic
3397,599,1732,cult film
3398,599,1732,dark comedy
3399,599,1732,deadpan
3400,599,1732,drugs
3401,599,1732,funny
3402,599,1732,great dialogue
3403,599,1732,great soundtrack
3404,599,1732,Highly quotable
3405,599,1732,imdb top 250
3406,599,1732,Jeff Bridges
3407,599,1732,John Goodman
3408,599,1732,Julianne Moore
3409,599,1732,kidnapping
3410,599,1732,marijuana
3411,599,1732,Nudity (Full Frontal)
3412,599,1732,off-beat comedy
3413,599,1732,Philip Seymour Hoffman
3414,599,1732,quirky
3415,599,1732,ransom
3416,599,1732,rug
3417,599,1732,sarcasm
3418,599,1732,satirical
3419,599,1732,Steve Buscemi
3420,599,1732,violence
3421,599,2959,action
3422,599,2959,atmospheric
3423,599,2959,based on a book
3424,599,2959,Brad Pitt
3425,599,2959,challenging
3426,599,2959,Chuck Palahniuk
3427,599,2959,classic
3428,599,2959,clever
3429,599,2959,complicated
3430,599,2959,consumerism
3431,599,2959,crime
3432,599,2959,dark
3433,599,2959,dark comedy
3434,599,2959,David Fincher
3435,599,2959,disturbing
3436,599,2959,double life
3437,599,2959,Edward Norton
3438,599,2959,fighting
3439,599,2959,great acting
3440,599,2959,helena bonham carter
3441,599,2959,imaginary friend
3442,599,2959,imdb top 250
3443,599,2959,mental illness
3444,599,2959,mind-blowing
3445,599,2959,mindfuck
3446,599,2959,narrated
3447,599,2959,Nudity (Topless)
3448,599,2959,Palahnuik
3449,599,2959,philosophical
3450,599,2959,philosophy
3451,599,2959,postmodern
3452,599,2959,powerful ending
3453,599,2959,psychological
3454,599,2959,psychological thriller
3455,599,2959,psychology
3456,599,2959,quirky
3457,599,2959,satirical
3458,599,2959,schizophrenia
3459,599,2959,social commentary
3460,599,2959,societal criticism
3461,599,2959,stylized
3462,599,2959,surreal
3463,599,2959,TERRORISM
3464,599,2959,thought-provoking
3465,599,2959,twist
3466,599,2959,twist ending
3467,599,2959,violence
3468,599,2959,violent
3469,600,273,gothic
3470,606,1357,music
3471,606,1948,British
3472,606,3578,Romans
3473,606,5694,70mm
3474,606,6107,World War II
3475,606,7382,for katie
3476,606,7936,austere
3477,610,3265,gun fu
3478,610,3265,heroic bloodshed
3479,610,168248,Heroic Bloodshed
